gender,event,age_from,age_to,median_improvement,mean_improvement,std_improvement,q25_improvement,q75_improvement,sample_size,can_track,can_delta,delta_diff_seconds
F,50 Free,15,16,0.3100000000000023,0.3232835820895522,0.4047353587543033,0.0700000000000002,0.5749999999999993,335,,,
F,50 Free,16,17,0.1499999999999985,0.1748377581120944,0.3838097568194196,-0.0699999999999985,0.3900000000000005,339,Track 1 (Early),0.26000000000000156,-0.11000000000000307
F,50 Free,17,18,-0.1099999999999994,-0.0929126213592232,0.4166928612119936,-0.370000000000001,0.1900000000000012,309,Track 1 (Early),0.1999999999999993,-0.3099999999999987
F,50 Free,17,18,-0.1099999999999994,-0.0929126213592232,0.4166928612119936,-0.370000000000001,0.1900000000000012,309,Track 2 (Middle),0.1999999999999993,-0.3099999999999987
F,100 Free,15,16,0.759999999999998,0.7339882697947214,0.8950715103610751,0.1499999999999985,1.2900000000000065,341,Track 1 (Early),1.0900000000000034,-0.3300000000000054
F,100 Free,16,17,0.3700000000000045,0.4127019498607243,0.7150590273249279,-0.0600000000000022,0.9150000000000028,359,Track 1 (Early),0.6899999999999977,-0.31999999999999323
F,100 Free,16,17,0.3700000000000045,0.4127019498607243,0.7150590273249279,-0.0600000000000022,0.9150000000000028,359,Track 2 (Middle),0.7000000000000028,-0.32999999999999835
F,100 Free,17,18,-0.1499999999999985,-0.2152564102564105,0.9418159278468844,-0.8575000000000017,0.4199999999999964,312,Track 1 (Early),0.45000000000000284,-0.6000000000000013
F,100 Free,17,18,-0.1499999999999985,-0.2152564102564105,0.9418159278468844,-0.8575000000000017,0.4199999999999964,312,Track 2 (Middle),0.46000000000000085,-0.6099999999999993
F,100 Free,17,18,-0.1499999999999985,-0.2152564102564105,0.9418159278468844,-0.8575000000000017,0.4199999999999964,312,Track 3 (Late),0.46000000000000085,-0.6099999999999993
F,200 Free,15,16,1.5899999999999892,1.710919540229884,2.126302241782969,0.4050000000000011,2.894999999999989,348,Track 1 (Early),2.3100000000000023,-0.7200000000000131
F,200 Free,15,16,1.5899999999999892,1.710919540229884,2.126302241782969,0.4050000000000011,2.894999999999989,348,Track 2 (Middle),2.3299999999999983,-0.7400000000000091
F,200 Free,16,17,0.7349999999999923,0.7695999999999991,1.7846891237891906,-0.3499999999999943,1.914999999999992,350,Track 1 (Early),1.4699999999999989,-0.7350000000000065
F,200 Free,16,17,0.7349999999999923,0.7695999999999991,1.7846891237891906,-0.3499999999999943,1.914999999999992,350,Track 2 (Middle),1.480000000000004,-0.7450000000000117
F,200 Free,16,17,0.7349999999999923,0.7695999999999991,1.7846891237891906,-0.3499999999999943,1.914999999999992,350,Track 3 (Late),1.4899999999999949,-0.7550000000000026
F,200 Free,17,18,-0.4600000000000079,-0.723425605536332,2.272948566431264,-2.1899999999999977,0.7299999999999898,289,Track 1 (Early),0.9700000000000131,-1.430000000000021
F,200 Free,17,18,-0.4600000000000079,-0.723425605536332,2.272948566431264,-2.1899999999999977,0.7299999999999898,289,Track 2 (Middle),0.980000000000004,-1.440000000000012
F,200 Free,17,18,-0.4600000000000079,-0.723425605536332,2.272948566431264,-2.1899999999999977,0.7299999999999898,289,Track 3 (Late),0.9899999999999949,-1.4500000000000028
F,400 Free,15,16,2.4049999999999727,2.3845402298850584,4.996867589615687,-0.3424999999999869,5.322500000000005,348,Track 1 (Early),4.380000000000024,-1.9750000000000512
F,400 Free,15,16,2.4049999999999727,2.3845402298850584,4.996867589615687,-0.3424999999999869,5.322500000000005,348,Track 2 (Middle),4.399999999999977,-1.9950000000000045
F,400 Free,16,17,1.2999999999999543,1.2077101449275356,4.223532174842055,-1.509999999999991,3.879999999999996,345,Track 1 (Early),2.6999999999999886,-1.4000000000000343
F,400 Free,16,17,1.2999999999999543,1.2077101449275356,4.223532174842055,-1.509999999999991,3.879999999999996,345,Track 2 (Middle),2.710000000000008,-1.4100000000000537
F,400 Free,16,17,1.2999999999999543,1.2077101449275356,4.223532174842055,-1.509999999999991,3.879999999999996,345,Track 3 (Late),2.7200000000000273,-1.420000000000073
F,400 Free,17,18,-1.829999999999984,-2.225405405405404,5.501077898037771,-5.39500000000001,1.5300000000000011,259,Track 1 (Early),1.5500000000000114,-3.3799999999999955
F,400 Free,17,18,-1.829999999999984,-2.225405405405404,5.501077898037771,-5.39500000000001,1.5300000000000011,259,Track 2 (Middle),1.5600000000000023,-3.3899999999999864
F,400 Free,17,18,-1.829999999999984,-2.225405405405404,5.501077898037771,-5.39500000000001,1.5300000000000011,259,Track 3 (Late),1.5600000000000023,-3.3899999999999864
F,800 Free,15,16,4.595000000000027,4.228355704697987,13.195712072296466,-4.392499999999984,11.907499999999942,298,Track 1 (Early),8.389999999999986,-3.794999999999959
F,800 Free,15,16,4.595000000000027,4.228355704697987,13.195712072296466,-4.392499999999984,11.907499999999942,298,Track 2 (Middle),8.440000000000055,-3.8450000000000273
F,800 Free,16,17,0.954999999999984,0.9315957446808534,12.277306890148,-5.450000000000017,8.562500000000028,282,Track 1 (Early),5.110000000000014,-4.15500000000003
F,800 Free,16,17,0.954999999999984,0.9315957446808534,12.277306890148,-5.450000000000017,8.562500000000028,282,Track 2 (Middle),5.1299999999999955,-4.175000000000011
F,800 Free,16,17,0.954999999999984,0.9315957446808534,12.277306890148,-5.450000000000017,8.562500000000028,282,Track 3 (Late),5.139999999999986,-4.185000000000002
F,800 Free,17,18,0.1150000000000091,-2.757663043478262,16.087645694605406,-10.502500000000026,6.372499999999988,184,Track 1 (Early),3.189999999999941,-3.074999999999932
F,800 Free,17,18,0.1150000000000091,-2.757663043478262,16.087645694605406,-10.502500000000026,6.372499999999988,184,Track 2 (Middle),3.2100000000000364,-3.0950000000000273
F,800 Free,17,18,0.1150000000000091,-2.757663043478262,16.087645694605406,-10.502500000000026,6.372499999999988,184,Track 3 (Late),3.2100000000000364,-3.0950000000000273
F,1500 Free,15,16,8.730000000000018,8.65391459074733,28.066312483469424,-9.029999999999973,26.3599999999999,281,Track 1 (Early),13.979999999999905,-5.249999999999886
F,1500 Free,15,16,8.730000000000018,8.65391459074733,28.066312483469424,-9.029999999999973,26.3599999999999,281,Track 2 (Middle),14.039999999999964,-5.309999999999945
F,1500 Free,16,17,4.350000000000136,3.0862352941176447,29.22412142196601,-8.224999999999966,20.075000000000045,255,Track 1 (Early),8.540000000000077,-4.189999999999941
F,1500 Free,16,17,4.350000000000136,3.0862352941176447,29.22412142196601,-8.224999999999966,20.075000000000045,255,Track 2 (Middle),8.580000000000041,-4.2299999999999045
F,1500 Free,16,17,4.350000000000136,3.0862352941176447,29.22412142196601,-8.224999999999966,20.075000000000045,255,Track 3 (Late),8.600000000000023,-4.249999999999886
F,1500 Free,17,18,2.5699999999999363,-0.4415107913669016,31.40961688670062,-17.44500000000005,16.395000000000095,139,Track 1 (Early),5.090000000000032,-2.5200000000000955
F,1500 Free,17,18,2.5699999999999363,-0.4415107913669016,31.40961688670062,-17.44500000000005,16.395000000000095,139,Track 2 (Middle),5.1200000000000045,-2.550000000000068
F,1500 Free,17,18,2.5699999999999363,-0.4415107913669016,31.40961688670062,-17.44500000000005,16.395000000000095,139,Track 3 (Late),5.1299999999999955,-2.560000000000059
F,100 Back,15,16,0.9200000000000016,0.9534110787172012,1.268119873942427,0.1500000000000056,1.6450000000000031,343,Track 1 (Early),1.1200000000000045,-0.20000000000000295
F,100 Back,15,16,0.9200000000000016,0.9534110787172012,1.268119873942427,0.1500000000000056,1.6450000000000031,343,Track 2 (Middle),1.1400000000000006,-0.21999999999999897
F,100 Back,15,16,0.9200000000000016,0.9534110787172012,1.268119873942427,0.1500000000000056,1.6450000000000031,343,Track 3 (Late),1.1399999999999935,-0.21999999999999187
F,100 Back,16,17,0.3900000000000005,0.4344352617079889,1.17411118628726,-0.2349999999999994,1.1199999999999903,363,Track 1 (Early),0.759999999999998,-0.3699999999999975
F,100 Back,16,17,0.3900000000000005,0.4344352617079889,1.17411118628726,-0.2349999999999994,1.1199999999999903,363,Track 2 (Middle),0.7700000000000031,-0.3800000000000026
F,100 Back,16,17,0.3900000000000005,0.4344352617079889,1.17411118628726,-0.2349999999999994,1.1199999999999903,363,Track 3 (Late),0.7800000000000011,-0.3900000000000006
F,100 Back,17,18,-0.3050000000000068,-0.3921126760563381,1.366346692124204,-1.1949999999999967,0.4899999999999949,284,Track 2 (Middle),0.5,-0.8050000000000068
F,100 Back,17,18,-0.3050000000000068,-0.3921126760563381,1.366346692124204,-1.1949999999999967,0.4899999999999949,284,Track 3 (Late),0.5100000000000051,-0.8150000000000119
F,200 Back,15,16,1.7099999999999795,1.7066371681415935,2.845876573241178,-0.1099999999999994,3.500000000000014,339,Track 1 (Early),2.3400000000000034,-0.6300000000000239
F,200 Back,15,16,1.7099999999999795,1.7066371681415935,2.845876573241178,-0.1099999999999994,3.500000000000014,339,Track 2 (Middle),2.3700000000000045,-0.660000000000025
F,200 Back,15,16,1.7099999999999795,1.7066371681415935,2.845876573241178,-0.1099999999999994,3.500000000000014,339,Track 3 (Late),2.390000000000015,-0.6800000000000352
F,200 Back,16,17,0.730000000000004,0.6473142857142851,2.828199263250923,-1.095000000000013,2.3874999999999886,350,Track 1 (Early),1.549999999999983,-0.819999999999979
F,200 Back,16,17,0.730000000000004,0.6473142857142851,2.828199263250923,-1.095000000000013,2.3874999999999886,350,Track 2 (Middle),1.5699999999999932,-0.8399999999999892
F,200 Back,16,17,0.730000000000004,0.6473142857142851,2.828199263250923,-1.095000000000013,2.3874999999999886,350,Track 3 (Late),1.5800000000000125,-0.8500000000000085
F,200 Back,17,18,-0.4900000000000091,-0.7955677655677651,3.82362711457876,-2.640000000000015,1.6400000000000148,273,Track 2 (Middle),1.0700000000000216,-1.5600000000000307
F,200 Back,17,18,-0.4900000000000091,-0.7955677655677651,3.82362711457876,-2.640000000000015,1.6400000000000148,273,Track 3 (Late),1.0699999999999932,-1.5600000000000023
F,100 Breast,15,16,1.1149999999999949,1.0483055555555552,1.637424185173579,0.0900000000000034,2.0075000000000003,360,Track 1 (Early),1.230000000000004,-0.1150000000000091
F,100 Breast,16,17,0.394999999999996,0.608005780346821,1.701162407749137,-0.5825000000000031,1.537500000000005,346,Track 1 (Early),0.7400000000000091,-0.3450000000000131
F,100 Breast,16,17,0.394999999999996,0.608005780346821,1.701162407749137,-0.5825000000000031,1.537500000000005,346,Track 2 (Middle),0.75,-0.355000000000004
F,100 Breast,17,18,-0.7099999999999937,-0.8745519713261655,2.0652248864296525,-1.9699999999999989,0.4549999999999983,279,Track 1 (Early),0.46999999999999886,-1.1799999999999926
F,100 Breast,17,18,-0.7099999999999937,-0.8745519713261655,2.0652248864296525,-1.9699999999999989,0.4549999999999983,279,Track 2 (Middle),0.480000000000004,-1.1899999999999977
F,100 Breast,17,18,-0.7099999999999937,-0.8745519713261655,2.0652248864296525,-1.9699999999999989,0.4549999999999983,279,Track 3 (Late),0.47999999999998977,-1.1899999999999835
F,200 Breast,15,16,0.5999999999999943,0.1201639344262292,4.73069484786509,-2.799999999999983,3.1699999999999875,61,Track 1 (Early),2.3600000000000136,-1.7600000000000193
F,200 Breast,16,17,3.2550000000000097,3.5977586206896537,3.3585131373064714,1.0075000000000074,5.864999999999995,58,Track 1 (Early),1.4199999999999875,1.8350000000000222
F,200 Breast,16,17,3.2550000000000097,3.5977586206896537,3.3585131373064714,1.0075000000000074,5.864999999999995,58,Track 2 (Middle),1.4300000000000068,1.8250000000000028
F,200 Breast,17,18,-0.8499999999999943,-1.4272265624999996,4.629685772805691,-3.692499999999996,1.3424999999999798,256,Track 1 (Early),0.8300000000000125,-1.6800000000000068
F,200 Breast,17,18,-0.8499999999999943,-1.4272265624999996,4.629685772805691,-3.692499999999996,1.3424999999999798,256,Track 2 (Middle),0.839999999999975,-1.6899999999999693
F,200 Breast,17,18,-0.8499999999999943,-1.4272265624999996,4.629685772805691,-3.692499999999996,1.3424999999999798,256,Track 3 (Late),0.8400000000000034,-1.6899999999999977
F,100 Fly,15,16,0.9099999999999966,0.9146175637393772,1.2766250804179504,0.1099999999999994,1.6699999999999946,353,Track 1 (Early),1.240000000000002,-0.3300000000000054
F,100 Fly,16,17,0.5600000000000023,0.5912320916905444,1.0278658589866727,-0.1099999999999994,1.2100000000000009,349,Track 1 (Early),0.8699999999999974,-0.30999999999999517
F,100 Fly,16,17,0.5600000000000023,0.5912320916905444,1.0278658589866727,-0.1099999999999994,1.2100000000000009,349,Track 2 (Middle),0.8799999999999955,-0.3199999999999932
F,100 Fly,17,18,-0.3100000000000023,-0.344539249146758,1.3065976748618469,-1.1499999999999986,0.4899999999999949,293,Track 1 (Early),0.0,-0.3100000000000023
F,100 Fly,17,18,-0.3100000000000023,-0.344539249146758,1.3065976748618469,-1.1499999999999986,0.4899999999999949,293,Track 2 (Middle),0.5,-0.8100000000000023
F,100 Fly,17,18,-0.3100000000000023,-0.344539249146758,1.3065976748618469,-1.1499999999999986,0.4899999999999949,293,Track 3 (Late),0.6999999999999957,-1.009999999999998
F,200 Fly,15,16,2.0200000000000102,1.885779036827195,3.712545155538423,-0.1700000000000159,4.009999999999991,353,Track 1 (Early),2.6299999999999955,-0.6099999999999852
F,200 Fly,15,16,2.0200000000000102,1.885779036827195,3.712545155538423,-0.1700000000000159,4.009999999999991,353,Track 2 (Middle),2.660000000000025,-0.6400000000000148
F,200 Fly,16,17,0.6749999999999972,0.6995783132530127,3.886575032703072,-1.3649999999999949,2.912499999999987,332,Track 1 (Early),1.6599999999999966,-0.9849999999999994
F,200 Fly,16,17,0.6749999999999972,0.6995783132530127,3.886575032703072,-1.3649999999999949,2.912499999999987,332,Track 2 (Middle),1.6699999999999875,-0.9949999999999903
F,200 Fly,16,17,0.6749999999999972,0.6995783132530127,3.886575032703072,-1.3649999999999949,2.912499999999987,332,Track 3 (Late),1.6899999999999977,-1.0150000000000006
F,200 Fly,17,18,-0.5999999999999943,-1.1582786885245897,4.416607386623653,-3.8074999999999903,1.844999999999992,244,Track 1 (Early),0.9699999999999989,-1.5699999999999932
F,200 Fly,17,18,-0.5999999999999943,-1.1582786885245897,4.416607386623653,-3.8074999999999903,1.844999999999992,244,Track 2 (Middle),0.9799999999999898,-1.579999999999984
F,200 Fly,17,18,-0.5999999999999943,-1.1582786885245897,4.416607386623653,-3.8074999999999903,1.844999999999992,244,Track 3 (Late),0.9800000000000182,-1.5800000000000125
F,200 IM,15,16,1.7249999999999943,1.733583815028901,2.68101005256127,0.1825000000000045,3.395000000000003,346,Track 1 (Early),2.579999999999984,-0.8549999999999898
F,200 IM,16,17,0.7350000000000136,0.761617647058825,2.594476491620407,-0.7925000000000111,2.272500000000008,340,Track 1 (Early),1.5200000000000102,-0.7849999999999966
F,200 IM,16,17,0.7350000000000136,0.761617647058825,2.594476491620407,-0.7925000000000111,2.272500000000008,340,Track 2 (Middle),1.5299999999999727,-0.7949999999999591
F,200 IM,17,18,-0.25,-0.5733922261484105,3.044451213675201,-2.670000000000016,1.4199999999999875,283,Track 1 (Early),0.9399999999999977,-1.1899999999999977
F,200 IM,17,18,-0.25,-0.5733922261484105,3.044451213675201,-2.670000000000016,1.4199999999999875,283,Track 2 (Middle),0.9400000000000261,-1.1900000000000261
F,200 IM,17,18,-0.25,-0.5733922261484105,3.044451213675201,-2.670000000000016,1.4199999999999875,283,Track 3 (Late),0.9399999999999977,-1.1899999999999977
F,400 IM,15,16,2.480000000000018,2.6063343108504404,6.075523297372549,-1.1800000000000068,5.970000000000027,341,Track 1 (Early),5.03000000000003,-2.5500000000000114
F,400 IM,15,16,2.480000000000018,2.6063343108504404,6.075523297372549,-1.1800000000000068,5.970000000000027,341,Track 2 (Middle),5.080000000000041,-2.6000000000000227
F,400 IM,15,16,2.480000000000018,2.6063343108504404,6.075523297372549,-1.1800000000000068,5.970000000000027,341,Track 3 (Late),5.089999999999975,-2.609999999999957
F,400 IM,16,17,1.0300000000000296,1.0715915915915923,5.864749342829889,-2.4499999999999886,4.6200000000000045,333,Track 1 (Early),3.1399999999999864,-2.109999999999957
F,400 IM,16,17,1.0300000000000296,1.0715915915915923,5.864749342829889,-2.4499999999999886,4.6200000000000045,333,Track 2 (Middle),3.169999999999959,-2.1399999999999295
F,400 IM,16,17,1.0300000000000296,1.0715915915915923,5.864749342829889,-2.4499999999999886,4.6200000000000045,333,Track 3 (Late),3.180000000000007,-2.1499999999999773
F,400 IM,17,18,-0.4449999999999932,-2.169914529914529,8.432154776848504,-6.042500000000018,3.132499999999979,234,Track 2 (Middle),1.8700000000000045,-2.3149999999999977
F,400 IM,17,18,-0.4449999999999932,-2.169914529914529,8.432154776848504,-6.042500000000018,3.132499999999979,234,Track 3 (Late),1.8700000000000045,-2.3149999999999977
M,50 Free,15,16,0.5500000000000007,0.5525249169435215,0.450618921229284,0.2699999999999996,0.8099999999999987,301,,,
M,50 Free,16,17,0.370000000000001,0.371092715231788,0.392482080427713,0.1525000000000016,0.5899999999999999,302,,,
M,50 Free,17,18,0.1050000000000004,0.1177622377622379,0.4051977322374558,-0.120000000000001,0.3675000000000015,286,Track 1 (Early),0.5300000000000011,-0.4250000000000007
M,100 Free,15,16,1.2100000000000009,1.2308724832214766,0.8543233382565449,0.7125000000000004,1.7675000000000036,298,Track 1 (Early),1.8000000000000043,-0.5900000000000034
M,100 Free,16,17,0.8400000000000034,0.834954407294833,0.7659398825602316,0.3900000000000005,1.3000000000000045,329,Track 1 (Early),1.3899999999999935,-0.54999999999999
M,100 Free,16,17,0.8400000000000034,0.834954407294833,0.7659398825602316,0.3900000000000005,1.3000000000000045,329,Track 2 (Middle),1.4099999999999966,-0.5699999999999932
M,100 Free,17,18,0.1950000000000002,0.195171232876712,0.822881862554035,-0.3399999999999981,0.7249999999999996,292,Track 1 (Early),1.0200000000000031,-0.825000000000003
M,100 Free,17,18,0.1950000000000002,0.195171232876712,0.822881862554035,-0.3399999999999981,0.7249999999999996,292,Track 2 (Middle),1.0400000000000063,-0.8450000000000061
M,100 Free,17,18,0.1950000000000002,0.195171232876712,0.822881862554035,-0.3399999999999981,0.7249999999999996,292,Track 3 (Late),1.0499999999999972,-0.854999999999997
M,200 Free,15,16,2.5799999999999983,2.568012048192771,1.94447633483216,1.3275000000000006,3.654999999999994,332,Track 1 (Early),3.8700000000000045,-1.2900000000000063
M,200 Free,16,17,1.4699999999999989,1.5471999999999997,1.7622064421103976,0.4699999999999988,2.549999999999997,325,Track 1 (Early),2.819999999999993,-1.3499999999999943
M,200 Free,16,17,1.4699999999999989,1.5471999999999997,1.7622064421103976,0.4699999999999988,2.549999999999997,325,Track 2 (Middle),2.8599999999999994,-1.3900000000000006
M,200 Free,17,18,0.2299999999999897,0.1512251655629142,1.761699253720325,-0.9149999999999884,1.2824999999999953,302,Track 1 (Early),1.9099999999999966,-1.6800000000000068
M,200 Free,17,18,0.2299999999999897,0.1512251655629142,1.761699253720325,-0.9149999999999884,1.2824999999999953,302,Track 2 (Middle),1.9399999999999977,-1.710000000000008
M,200 Free,17,18,0.2299999999999897,0.1512251655629142,1.761699253720325,-0.9149999999999884,1.2824999999999953,302,Track 3 (Late),1.9499999999999886,-1.7199999999999989
M,400 Free,15,16,4.819999999999993,4.868784194528876,5.111868695626948,1.960000000000008,7.700000000000017,329,Track 1 (Early),8.120000000000005,-3.3000000000000114
M,400 Free,16,17,2.569999999999993,2.6368914956011724,4.47131670038565,-0.2199999999999988,5.5,341,Track 1 (Early),5.949999999999989,-3.3799999999999955
M,400 Free,16,17,2.569999999999993,2.6368914956011724,4.47131670038565,-0.2199999999999988,5.5,341,Track 2 (Middle),6.019999999999982,-3.4499999999999886
M,400 Free,17,18,0.2999999999999829,-0.4172508591065298,5.605471860512202,-3.620000000000005,3.2049999999999983,291,Track 1 (Early),4.0,-3.700000000000017
M,400 Free,17,18,0.2999999999999829,-0.4172508591065298,5.605471860512202,-3.620000000000005,3.2049999999999983,291,Track 2 (Middle),4.050000000000011,-3.7500000000000284
M,400 Free,17,18,0.2999999999999829,-0.4172508591065298,5.605471860512202,-3.620000000000005,3.2049999999999983,291,Track 3 (Late),4.060000000000002,-3.7600000000000193
M,800 Free,15,16,9.950000000000044,10.153311475409836,12.257233816706336,3.4600000000000364,16.360000000000014,305,Track 1 (Early),16.480000000000018,-6.5299999999999745
M,800 Free,16,17,3.699999999999932,3.993088685015293,11.578046501738374,-3.5300000000000296,10.865000000000007,327,Track 1 (Early),12.189999999999998,-8.490000000000066
M,800 Free,16,17,3.699999999999932,3.993088685015293,11.578046501738374,-3.5300000000000296,10.865000000000007,327,Track 2 (Middle),12.329999999999984,-8.630000000000052
M,800 Free,17,18,-0.1750000000000113,-1.760588235294117,13.100745523344262,-9.27000000000004,6.297499999999999,238,Track 1 (Early),8.400000000000034,-8.575000000000045
M,800 Free,17,18,-0.1750000000000113,-1.760588235294117,13.100745523344262,-9.27000000000004,6.297499999999999,238,Track 2 (Middle),8.490000000000009,-8.66500000000002
M,800 Free,17,18,-0.1750000000000113,-1.760588235294117,13.100745523344262,-9.27000000000004,6.297499999999999,238,Track 3 (Late),8.529999999999973,-8.704999999999984
M,1500 Free,15,16,17.760000000000048,19.466843971631203,26.01607966301597,2.9499999999999886,34.697499999999906,282,Track 1 (Early),31.370000000000005,-13.609999999999957
M,1500 Free,16,17,7.939999999999941,7.098881355932201,22.493264915197297,-7.475000000000023,21.17500000000001,295,Track 1 (Early),22.180000000000064,-14.240000000000123
M,1500 Free,16,17,7.939999999999941,7.098881355932201,22.493264915197297,-7.475000000000023,21.17500000000001,295,Track 2 (Middle),22.360000000000014,-14.420000000000073
M,1500 Free,17,18,1.69500000000005,-4.199402173913046,28.98167132882728,-17.752500000000026,13.384999999999934,184,Track 1 (Early),13.789999999999964,-12.094999999999914
M,1500 Free,17,18,1.69500000000005,-4.199402173913046,28.98167132882728,-17.752500000000026,13.384999999999934,184,Track 2 (Middle),13.889999999999986,-12.194999999999936
M,1500 Free,17,18,1.69500000000005,-4.199402173913046,28.98167132882728,-17.752500000000026,13.384999999999934,184,Track 3 (Late),13.92999999999995,-12.2349999999999
M,100 Back,15,16,1.5400000000000027,1.5522916666666664,1.3564303812640994,0.7799999999999994,2.3625000000000043,336,,,
M,100 Back,16,17,0.8649999999999984,0.946574074074074,1.1392447915748023,0.2475000000000005,1.672499999999996,324,Track 1 (Early),1.5900000000000034,-0.725000000000005
M,100 Back,17,18,0.1199999999999974,0.0385714285714285,1.2876243103092178,-0.759999999999998,0.9100000000000036,301,Track 1 (Early),1.0599999999999952,-0.9399999999999977
M,100 Back,17,18,0.1199999999999974,0.0385714285714285,1.2876243103092178,-0.759999999999998,0.9100000000000036,301,Track 2 (Middle),1.0700000000000003,-0.9500000000000028
M,200 Back,15,16,3.039999999999992,3.139764011799409,2.9681826929759296,1.3549999999999969,4.82,339,Track 1 (Early),3.969999999999999,-0.9300000000000068
M,200 Back,16,17,1.5,1.6970704225352111,2.795655962854925,-0.2099999999999937,3.569999999999993,355,Track 1 (Early),2.799999999999997,-1.2999999999999972
M,200 Back,16,17,1.5,1.6970704225352111,2.795655962854925,-0.2099999999999937,3.569999999999993,355,Track 2 (Middle),2.819999999999993,-1.3199999999999932
M,200 Back,17,18,0.1300000000000238,-0.3267844522968185,3.700878500354645,-2.4099999999999966,2.0250000000000057,283,Track 1 (Early),1.7099999999999937,-1.5799999999999699
M,200 Back,17,18,0.1300000000000238,-0.3267844522968185,3.700878500354645,-2.4099999999999966,2.0250000000000057,283,Track 2 (Middle),1.720000000000013,-1.5899999999999892
M,200 Back,17,18,0.1300000000000238,-0.3267844522968185,3.700878500354645,-2.4099999999999966,2.0250000000000057,283,Track 3 (Late),1.7199999999999989,-1.589999999999975
M,100 Breast,15,16,1.9599999999999935,1.9189275362318847,1.5413185614247569,0.7999999999999972,2.9200000000000017,345,,,
M,100 Breast,16,17,1.1499999999999917,1.226130952380952,1.3982224793998603,0.4024999999999963,2.0825000000000067,336,Track 1 (Early),1.6099999999999994,-0.46000000000000774
M,100 Breast,17,18,0.0900000000000034,0.0604152249134944,1.6171324851870037,-0.7800000000000011,0.9600000000000009,289,Track 1 (Early),1.2000000000000028,-1.1099999999999994
M,100 Breast,17,18,0.0900000000000034,0.0604152249134944,1.6171324851870037,-0.7800000000000011,0.9600000000000009,289,Track 2 (Middle),1.2100000000000009,-1.1199999999999974
M,200 Breast,15,16,3.694999999999993,3.7557692307692303,4.177732833394081,1.4749999999999943,5.877500000000012,338,Track 1 (Early),4.759999999999991,-1.0649999999999977
M,200 Breast,16,17,2.25,2.594756446991404,4.081169527409463,0.2700000000000102,4.919999999999988,349,Track 1 (Early),3.660000000000025,-1.410000000000025
M,200 Breast,16,17,2.25,2.594756446991404,4.081169527409463,0.2700000000000102,4.919999999999988,349,Track 2 (Middle),3.7099999999999795,-1.4599999999999795
M,200 Breast,17,18,-0.0749999999999886,-0.623150684931507,4.74589992525988,-3.5700000000000074,2.390000000000008,292,Track 1 (Early),2.6699999999999875,-2.744999999999976
M,200 Breast,17,18,-0.0749999999999886,-0.623150684931507,4.74589992525988,-3.5700000000000074,2.390000000000008,292,Track 2 (Middle),2.730000000000018,-2.805000000000007
M,200 Breast,17,18,-0.0749999999999886,-0.623150684931507,4.74589992525988,-3.5700000000000074,2.390000000000008,292,Track 3 (Late),2.75,-2.8249999999999886
M,100 Fly,15,16,1.4750000000000014,1.5370303030303027,1.0532487830905508,0.7899999999999991,2.2475000000000005,330,,,
M,100 Fly,16,17,0.974999999999998,0.96240625,0.9272524049367232,0.3900000000000005,1.5600000000000025,320,Track 1 (Early),1.3999999999999986,-0.4250000000000006
M,100 Fly,17,18,0.2900000000000062,0.2119512195121951,1.005974673098996,-0.3599999999999994,0.8200000000000003,287,Track 1 (Early),0.9200000000000017,-0.6299999999999955
M,100 Fly,17,18,0.2900000000000062,0.2119512195121951,1.005974673098996,-0.3599999999999994,0.8200000000000003,287,Track 2 (Middle),0.9299999999999997,-0.6399999999999935
M,200 Fly,15,16,3.629999999999996,3.714213649851632,3.491390690167228,1.7099999999999795,5.640000000000015,337,Track 1 (Early),4.569999999999993,-0.9399999999999973
M,200 Fly,16,17,2.0600000000000094,2.146308139534884,3.2892585982224416,0.1950000000000145,3.85250000000001,344,Track 1 (Early),3.240000000000009,-1.1799999999999997
M,200 Fly,16,17,2.0600000000000094,2.146308139534884,3.2892585982224416,0.1950000000000145,3.85250000000001,344,Track 2 (Middle),3.280000000000001,-1.2199999999999918
M,200 Fly,17,18,0.3299999999999983,0.0097454545454545,3.662990274814885,-1.5899999999999892,1.9949999999999903,275,Track 1 (Early),2.039999999999992,-1.7099999999999937
M,200 Fly,17,18,0.3299999999999983,0.0097454545454545,3.662990274814885,-1.5899999999999892,1.9949999999999903,275,Track 2 (Middle),2.0700000000000074,-1.740000000000009
M,200 Fly,17,18,0.3299999999999983,0.0097454545454545,3.662990274814885,-1.5899999999999892,1.9949999999999903,275,Track 3 (Late),2.069999999999993,-1.7399999999999949
M,200 IM,15,16,2.8100000000000023,2.8623723723723726,2.589382934495966,1.3100000000000025,4.560000000000002,333,,,
M,200 IM,16,17,1.82500000000001,1.902753164556962,2.3259520337106894,0.4575000000000031,3.219999999999988,316,Track 1 (Early),3.180000000000007,-1.3549999999999969
M,200 IM,17,18,-0.0100000000000193,-0.1721254355400703,2.832308008189695,-2.0349999999999966,1.634999999999998,287,Track 1 (Early),2.019999999999996,-2.0300000000000153
M,200 IM,17,18,-0.0100000000000193,-0.1721254355400703,2.832308008189695,-2.0349999999999966,1.634999999999998,287,Track 2 (Middle),2.030000000000001,-2.0400000000000205
M,400 IM,15,16,1.829999999999984,1.132244897959184,6.649178640485322,-2.680000000000007,5.769999999999982,49,Track 1 (Early),8.460000000000036,-6.630000000000052
M,400 IM,16,17,8.569999999999993,9.267454545454546,5.340515200949275,6.085000000000008,12.710000000000008,55,Track 1 (Early),6.009999999999991,2.5600000000000023
M,400 IM,16,17,8.569999999999993,9.267454545454546,5.340515200949275,6.085000000000008,12.710000000000008,55,Track 2 (Middle),6.089999999999975,2.480000000000018
M,400 IM,17,18,0.4499999999999886,-0.5474144486692009,7.595864204337897,-4.22999999999999,3.7350000000000136,263,Track 1 (Early),3.909999999999968,-3.4599999999999795
M,400 IM,17,18,0.4499999999999886,-0.5474144486692009,7.595864204337897,-4.22999999999999,3.7350000000000136,263,Track 2 (Middle),3.9700000000000273,-3.5200000000000387
M,400 IM,17,18,0.4499999999999886,-0.5474144486692009,7.595864204337897,-4.22999999999999,3.7350000000000136,263,Track 3 (Late),3.980000000000018,-3.5300000000000296
