gender,event,age_from,age_to,zscore_range,n_athletes,mean_zscore,median_zscore,min_zscore,max_zscore,median_improvement,mean_improvement,std_improvement,pct_improving,pct_getting_slower,q25_improvement,q75_improvement,transition,gender_event
F,100 Back,16,17,Top 6.7% (1.5 ≤ z < 2.0),21,1.6928714759365548,1.6319282142419451,1.5065592187558916,1.945350702957077,-0.0799999999999983,-0.0090476190476192,0.8545670291183938,42.85714285714285,52.38095238095239,-0.3399999999999963,0.4600000000000008,16→17,F 100 Back
F,100 Back,17,18,Above Average (0.5 ≤ z < 1.0),41,0.7063841649112079,0.6960852931628629,0.5007929376349183,0.99694108411133,-0.4399999999999977,-0.4778048780487806,1.1773275073183334,31.70731707317073,68.29268292682927,-1.3199999999999932,0.3499999999999943,17→18,F 100 Back
F,100 Back,17,18,Average (0 ≤ z < 0.5),51,0.224879095643652,0.2157716619995289,0.0099229629295276,0.4955147658638899,-0.4000000000000057,-0.599411764705882,1.4033816466435998,43.13725490196079,56.86274509803921,-1.2950000000000017,0.4199999999999946,17→18,F 100 Back
F,100 Back,17,18,Below Average (-0.5 ≤ z < 0),53,-0.2824678355559687,-0.2856546562479109,-0.4915033553179123,-0.0111897241545708,-0.3000000000000113,-0.3500000000000007,1.465223274891243,43.39622641509434,56.60377358490566,-0.9699999999999988,0.5799999999999983,17→18,F 100 Back
F,100 Back,17,18,Bottom 15.9% (z < -1.0),29,-1.140900489077206,-1.124883967840994,-1.2832291209717623,-1.0140423606494506,-0.3599999999999852,-0.0151724137931023,1.655672841016722,37.93103448275862,62.06896551724138,-1.1599999999999966,0.9099999999999966,17→18,F 100 Back
F,100 Back,17,18,Lower (-1.0 ≤ z < -0.5),55,-0.7399612955940089,-0.7448556003271389,-0.9929296735653522,-0.5020596988599615,-0.1500000000000056,-0.2470909090909094,1.3212909289812984,40.0,56.36363636363636,-1.0549999999999995,0.5499999999999972,17→18,F 100 Back
F,100 Back,17,18,Top 15.9% (1.0 ≤ z < 1.5),23,1.2447856716203596,1.218624298494409,1.0022192558823506,1.4878110588167168,-0.4200000000000017,-0.6304347826086966,1.4213694506749146,26.08695652173913,73.91304347826086,-1.0300000000000011,0.0049999999999954,17→18,F 100 Back
F,100 Back,17,18,Top 2.5% (z ≥ 2.0),19,2.603727690617246,2.511776382395695,2.010350064148255,3.852432012236214,-0.4299999999999997,-0.5642105263157894,0.968940364193216,31.57894736842105,68.42105263157895,-1.3299999999999983,0.0600000000000022,17→18,F 100 Back
F,100 Back,17,18,Top 6.7% (1.5 ≤ z < 2.0),13,1.7265468281523373,1.6936597578867143,1.5775399789241502,1.9258993158118465,-0.0400000000000062,-0.261538461538462,0.8488530375099912,46.15384615384615,53.84615384615385,-0.6600000000000037,0.2199999999999988,17→18,F 100 Back
F,100 Breast,16,17,Above Average (0.5 ≤ z < 1.0),40,0.7285627961992978,0.7128836563242469,0.5011134554144353,0.9938864229161066,-0.3849999999999908,-0.2524999999999988,1.7117458193318311,42.5,57.49999999999999,-1.134999999999991,0.7199999999999989,16→17,F 100 Breast
F,100 Breast,16,17,Top 15.9% (1.0 ≤ z < 1.5),33,1.2300916470078198,1.2626716779170182,1.0386839654162583,1.4948043981450825,-0.3599999999999994,-0.1966666666666656,1.7532682324588833,39.39393939393939,60.60606060606061,-1.3199999999999932,0.8900000000000006,16→17,F 100 Breast
F,100 Breast,16,17,Top 2.5% (z ≥ 2.0),16,2.6783758335184213,2.785788122922196,2.048664923601509,3.3600111676968725,-0.519999999999996,-0.1987500000000004,0.8971264891307148,31.25,68.75,-0.692499999999999,0.3475000000000001,16→17,F 100 Breast
F,100 Breast,17,18,Above Average (0.5 ≤ z < 1.0),47,0.7561593523881681,0.7741360305325374,0.5006647287130951,0.9945457364765724,-0.7399999999999949,-1.1587234042553194,1.9898482963893829,36.17021276595745,63.82978723404256,-2.134999999999998,0.4400000000000048,17→18,F 100 Breast
F,100 Breast,17,18,Average (0 ≤ z < 0.5),44,0.2200505197565692,0.1965809677347524,0.0027020597284242,0.4802564226071615,-0.5200000000000031,-0.8470454545454554,2.1326590098933624,34.090909090909086,65.9090909090909,-1.960000000000004,0.5875000000000021,17→18,F 100 Breast
F,100 Breast,17,18,Below Average (-0.5 ≤ z < 0),43,-0.2571004231177475,-0.2911775481969517,-0.4707706419291252,-0.0095429239351278,-0.8400000000000034,-0.9411627906976752,2.0644715628858408,37.2093023255814,62.7906976744186,-2.289999999999999,0.5499999999999972,17→18,F 100 Breast
F,100 Breast,17,18,Bottom 15.9% (z < -1.0),35,-1.195323818135618,-1.205469661742565,-1.352409465705253,-1.046284874116319,-0.4500000000000028,-0.3940000000000005,2.2654853784564577,34.285714285714285,65.71428571428571,-1.9099999999999968,1.1700000000000017,17→18,F 100 Breast
F,100 Breast,17,18,Lower (-1.0 ≤ z < -0.5),49,-0.7337462434655229,-0.7442419437485734,-0.9646516496926024,-0.5034239316986109,-0.8700000000000045,-0.7969387755102046,2.208496768357019,36.734693877551024,63.26530612244898,-2.25,0.9000000000000057,17→18,F 100 Breast
F,100 Breast,17,18,Top 15.9% (1.0 ≤ z < 1.5),28,1.2327398234557705,1.24760873219009,1.0027090589189422,1.4925084054612374,-0.585000000000008,-0.7500000000000006,1.4455300560199855,32.142857142857146,67.85714285714286,-1.6900000000000013,0.2674999999999983,17→18,F 100 Breast
F,100 Breast,17,18,Top 2.5% (z ≥ 2.0),17,2.559982863660767,2.533332016863611,2.006797719330648,3.672115497574447,-0.9699999999999988,-1.0523529411764732,1.3100180933270706,23.52941176470588,76.47058823529412,-1.960000000000008,-0.0300000000000011,17→18,F 100 Breast
F,100 Breast,17,18,Top 6.7% (1.5 ≤ z < 2.0),16,1.7700613685018698,1.7659797072806829,1.6312848869815555,1.9986343968882725,-0.5349999999999966,-1.2543750000000005,2.481201747011919,31.25,68.75,-0.9350000000000094,0.0975000000000001,17→18,F 100 Breast
F,100 Fly,16,17,Top 2.5% (z ≥ 2.0),21,2.6249133729637584,2.35406729749355,2.0481515110560835,4.1838969089621,0.009999999999998,0.0271428571428575,0.711063207003246,52.38095238095239,47.61904761904761,-0.4200000000000017,0.6700000000000017,16→17,F 100 Fly
F,100 Fly,17,18,Above Average (0.5 ≤ z < 1.0),36,0.751938106868575,0.7564932588878098,0.5133423855851549,0.9939894607183112,-0.4599999999999973,-0.8363888888888886,1.2990534006168963,27.77777777777778,72.22222222222221,-1.5775000000000008,0.0675000000000025,17→18,F 100 Fly
F,100 Fly,17,18,Average (0 ≤ z < 0.5),57,0.2214819738118338,0.2136447975609514,0.01007662456338,0.4567956708636063,-0.0900000000000034,-0.3321052631578944,1.591212421826768,49.122807017543856,50.877192982456144,-1.1400000000000006,0.7899999999999991,17→18,F 100 Fly
F,100 Fly,17,18,Below Average (-0.5 ≤ z < 0),53,-0.2662554341702192,-0.2726569490443585,-0.4988438079305444,-0.0125420613252345,-0.3200000000000074,-0.3854716981132086,1.2945321381665926,39.62264150943396,60.37735849056604,-1.2600000000000051,0.5600000000000023,17→18,F 100 Fly
F,100 Fly,17,18,Lower (-1.0 ≤ z < -0.5),51,-0.7673852649022902,-0.7419946812332034,-0.9964548974801696,-0.5044984794027021,0.0,-0.0807843137254911,1.365359743067457,49.01960784313725,49.01960784313725,-1.0900000000000034,0.7949999999999946,17→18,F 100 Fly
F,100 Fly,17,18,Top 15.9% (1.0 ≤ z < 1.5),29,1.1958027356728005,1.1862482907715752,1.027917489551241,1.4124351496577652,-0.3800000000000025,-0.3624137931034484,0.9193613044312948,31.03448275862069,68.96551724137932,-1.0600000000000025,0.2700000000000031,17→18,F 100 Fly
F,100 Fly,17,18,Top 2.5% (z ≥ 2.0),15,2.7258268435902457,2.5886068158659565,2.011830325706168,4.268044243095923,-0.6900000000000048,-0.8433333333333342,0.6978220085061482,6.666666666666667,93.33333333333331,-1.2650000000000006,-0.4100000000000001,17→18,F 100 Fly
F,100 Fly,17,18,Top 6.7% (1.5 ≤ z < 2.0),17,1.719783175556059,1.7573701094592058,1.5368379220451696,1.9213555821516937,-0.5200000000000031,-0.3847058823529419,0.736710635564353,29.411764705882355,70.58823529411765,-0.7800000000000011,0.1199999999999974,17→18,F 100 Fly
F,100 Free,15,16,Top 6.7% (1.5 ≤ z < 2.0),21,1.7578334498555637,1.7739475177425192,1.5063790416660872,1.9942980274525253,0.009999999999998,0.0652380952380961,0.8351995430099267,52.38095238095239,42.85714285714285,-0.2399999999999948,0.8699999999999974,15→16,F 100 Free
F,100 Free,16,17,Top 15.9% (1.0 ≤ z < 1.5),36,1.1753838397764211,1.1704338396089078,1.0043838339895712,1.4660838496140636,0.0150000000000005,0.1263888888888884,0.644067598150734,50.0,50.0,-0.2050000000000018,0.6074999999999964,16→17,F 100 Free
F,100 Free,17,18,Above Average (0.5 ≤ z < 1.0),53,0.7329093545518426,0.7197836567781304,0.5094672436133191,0.9867237196411608,-0.1700000000000017,-0.3966037735849058,1.0045179889750306,41.50943396226416,56.60377358490566,-0.9600000000000009,0.2299999999999968,17→18,F 100 Free
F,100 Free,17,18,Average (0 ≤ z < 0.5),49,0.2240378257467866,0.2182599023081939,0.0079434891433826,0.4851999651712244,-0.5,-0.5024489795918374,0.831179468358914,34.69387755102041,65.3061224489796,-1.0800000000000054,0.0700000000000002,17→18,F 100 Free
F,100 Free,17,18,Below Average (-0.5 ≤ z < 0),52,-0.2593076926740379,-0.2549520273126359,-0.4935802653265596,-0.0163237892987121,-0.0799999999999982,-0.0574999999999999,1.0404989095473536,46.15384615384615,53.84615384615385,-0.7325000000000035,0.7225000000000037,17→18,F 100 Free
F,100 Free,17,18,Lower (-1.0 ≤ z < -0.5),78,-0.7531571796024594,-0.7726539674106374,-0.995104019796496,-0.5097584509546189,0.015000000000004,-0.0885897435897437,0.9397363574073676,50.0,50.0,-0.8375000000000021,0.6574999999999953,17→18,F 100 Free
F,100 Free,17,18,Top 15.9% (1.0 ≤ z < 1.5),28,1.2805311264936563,1.294109246574351,1.019080090897291,1.4882474741111031,-0.5300000000000011,-0.5210714285714287,0.7885263800538408,32.142857142857146,67.85714285714286,-0.9449999999999984,0.0800000000000017,17→18,F 100 Free
F,100 Free,17,18,Top 6.7% (1.5 ≤ z < 2.0),11,1.7529814207521257,1.8118111866723523,1.5206038453672277,1.97359304295298,-0.3300000000000054,0.0054545454545437,1.0844216190826723,45.45454545454545,54.54545454545454,-0.5850000000000044,0.9849999999999994,17→18,F 100 Free
F,1500 Free,16,17,Top 15.9% (1.0 ≤ z < 1.5),26,1.247947551719878,1.2456667909011694,1.034601383469907,1.456352071529314,-0.8350000000000366,-2.6899999999999933,21.18286462795233,50.0,50.0,-9.967500000000086,8.134999999999991,16→17,F 1500 Free
F,1500 Free,16,17,Top 2.5% (z ≥ 2.0),13,2.249925254084744,2.132407590874652,2.002974414412978,3.22204107201236,-0.4900000000000091,-3.023846153846132,12.550620296323418,38.46153846153847,61.53846153846154,-8.169999999999959,3.509999999999991,16→17,F 1500 Free
F,1500 Free,16,17,Top 6.7% (1.5 ≤ z < 2.0),22,1.7381556213226226,1.6902250871476538,1.5230643254765204,1.996892385563092,-2.1900000000000546,-4.784999999999963,26.008577737144527,45.45454545454545,54.54545454545454,-14.032499999999912,15.079999999999927,16→17,F 1500 Free
F,1500 Free,17,18,Above Average (0.5 ≤ z < 1.0),35,0.7521218350204247,0.730744965848581,0.5241427587223797,0.9930131563644824,-4.170000000000073,-5.920857142857124,27.884889750690487,40.0,60.0,-23.809999999999945,15.020000000000095,17→18,F 1500 Free
F,1500 Free,17,18,Below Average (-0.5 ≤ z < 0),16,-0.2187877219150401,-0.1698668385383446,-0.4265794318977665,-0.0426381630636637,-5.085000000000036,-4.614999999999981,36.758205036426936,43.75,56.25,-21.41000000000008,14.654999999999973,17→18,F 1500 Free
F,1500 Free,17,18,Top 6.7% (1.5 ≤ z < 2.0),11,1.6460833531570558,1.6175502862129636,1.503578035636422,1.8724476844618496,-2.800000000000182,-5.704545454545485,29.2402789949494,45.45454545454545,54.54545454545454,-15.060000000000002,5.369999999999891,17→18,F 1500 Free
F,200 Back,16,17,Top 2.5% (z ≥ 2.0),22,2.6988654217116443,2.500371226339812,2.00765373288562,4.054829513210785,-0.0600000000000022,-0.5109090909090913,1.9882836570334868,50.0,50.0,-1.92499999999999,0.5425000000000182,16→17,F 200 Back
F,200 Back,16,17,Top 6.7% (1.5 ≤ z < 2.0),16,1.6931648017760277,1.7002503409518068,1.541098230234301,1.907366101474588,-0.5049999999999955,-0.0312499999999982,1.14958076597514,43.75,56.25,-0.8799999999999812,0.9025000000000034,16→17,F 200 Back
F,200 Back,17,18,Above Average (0.5 ≤ z < 1.0),34,0.7270594715645332,0.7328193621717223,0.5029245979368757,0.9627141264065748,-1.5600000000000025,-2.773529411764704,4.340801554032145,23.52941176470588,76.47058823529412,-4.8825,-0.1000000000000013,17→18,F 200 Back
F,200 Back,17,18,Bottom 15.9% (z < -1.0),31,-1.1485685247072046,-1.129753959175442,-1.31281830847356,-1.0148065770580126,-1.089999999999975,-0.2777419354838686,4.326364569129097,41.935483870967744,58.06451612903226,-2.25,3.1200000000000045,17→18,F 200 Back
F,200 Back,17,18,Lower (-1.0 ≤ z < -0.5),59,-0.7657899947057021,-0.7785258471499755,-0.9807480934676652,-0.5018006679783944,-0.1200000000000045,-0.4283050847457648,3.837411359343899,47.45762711864407,52.54237288135594,-2.460000000000008,2.230000000000004,17→18,F 200 Back
F,200 Back,17,18,Top 15.9% (1.0 ≤ z < 1.5),37,1.250485300256104,1.2436966160269456,1.0095445413433033,1.4970065877301597,-0.8600000000000136,-0.9370270270270274,2.8411454340895514,35.13513513513514,64.86486486486487,-2.4199999999999875,0.9099999999999966,17→18,F 200 Back
F,200 Back,17,18,Top 2.5% (z ≥ 2.0),12,2.71495215195584,2.546433613357763,2.0142698072585734,3.870457162932547,-0.1049999999999897,-0.05833333333333,2.192710777908375,41.66666666666667,58.333333333333336,-0.5625000000000071,1.1750000000000045,17→18,F 200 Back
F,200 Back,17,18,Top 6.7% (1.5 ≤ z < 2.0),12,1.757234688912665,1.765217146004152,1.5523516235644794,1.926994943058307,-0.7049999999999983,-0.7575000000000026,2.2038418160112987,25.0,75.0,-2.6899999999999835,0.0849999999999867,17→18,F 200 Back
F,200 Breast,15,16,Above Average (0.5 ≤ z < 1.0),10,0.663714266522971,0.6117323730964646,0.5054057729058893,0.967063148092333,-3.3349999999999937,-2.482000000000002,4.454181855290603,30.0,70.0,-5.892500000000005,0.5424999999999969,15→16,F 200 Breast
F,200 Breast,15,16,Average (0 ≤ z < 0.5),8,0.1348530273699163,0.0846432439465878,0.0164851669013475,0.3509141316033347,-0.269999999999996,-0.0474999999999994,3.372905831771769,50.0,50.0,-2.7475000000000023,3.262500000000003,15→16,F 200 Breast
F,200 Breast,15,16,Lower (-1.0 ≤ z < -0.5),11,-0.7240833211393298,-0.7341624549569316,-0.9868017272046292,-0.5415022905090446,-2.1599999999999966,0.6263636363636326,4.88891189367657,36.36363636363637,63.63636363636363,-2.65000000000002,2.780000000000001,15→16,F 200 Breast
F,200 Breast,17,18,Above Average (0.5 ≤ z < 1.0),27,0.7376894387113773,0.7388016462400501,0.5269261120282586,0.9990582079490208,-0.2100000000000079,-1.4081481481481506,3.40739613524705,44.44444444444444,55.55555555555556,-3.8349999999999937,0.9549999999999984,17→18,F 200 Breast
F,200 Breast,17,18,Average (0 ≤ z < 0.5),43,0.2372995119749691,0.2166202115290994,0.0064129886103173,0.4968965087541454,-0.7199999999999989,-1.4193023255813948,4.801335761498643,44.18604651162791,55.81395348837209,-2.414999999999992,1.4749999999999943,17→18,F 200 Breast
F,200 Breast,17,18,Below Average (-0.5 ≤ z < 0),42,-0.2630590069076396,-0.2863756433122758,-0.4940803992915485,-0.0119384356127486,-1.0649999999999975,-2.2259523809523807,4.37355639286176,30.952380952380956,69.04761904761905,-4.897500000000008,0.3600000000000136,17→18,F 200 Breast
F,200 Breast,17,18,Bottom 15.9% (z < -1.0),33,-1.1830929633031169,-1.1697464729590643,-1.394968497514908,-1.007920277537466,-0.1800000000000068,-0.2221212121212133,4.911368850463956,48.48484848484848,51.51515151515152,-3.340000000000032,1.3600000000000136,17→18,F 200 Breast
F,200 Breast,17,18,Lower (-1.0 ≤ z < -0.5),46,-0.7329027876490687,-0.725975669019413,-0.9945737871934144,-0.5007536444635721,-1.4549999999999983,-1.353913043478261,5.006340535526517,41.30434782608695,58.69565217391305,-3.677499999999995,2.074999999999996,17→18,F 200 Breast
F,200 Breast,17,18,Top 15.9% (1.0 ≤ z < 1.5),28,1.2480536684301955,1.2434658123744278,1.015741320879082,1.4778635490418015,-1.9849999999999997,-2.6407142857142807,5.8315355295713545,42.85714285714285,57.14285714285714,-5.132499999999993,1.407499999999992,17→18,F 200 Breast
F,200 Breast,17,18,Top 2.5% (z ≥ 2.0),18,2.39098593008054,2.3987713827812365,2.0484260112499317,3.0644275886907195,-0.0649999999999977,-1.3911111111111092,3.577059451698788,44.44444444444444,55.55555555555556,-3.5649999999999906,0.8500000000000086,17→18,F 200 Breast
F,200 Fly,16,17,Top 15.9% (1.0 ≤ z < 1.5),35,1.2260694416888054,1.2289591348722342,1.010711254965786,1.4844688479334436,-0.410000000000025,-0.9239999999999984,3.0620797787498257,45.71428571428572,54.285714285714285,-2.5450000000000017,1.075000000000017,16→17,F 200 Fly
F,200 Fly,16,17,Top 2.5% (z ≥ 2.0),13,2.663061995520811,2.4426302719129813,2.133889368630689,4.243618874393038,-0.5800000000000125,-1.0700000000000007,2.731176134364661,46.15384615384615,53.84615384615385,-2.8799999999999955,0.8799999999999955,16→17,F 200 Fly
F,200 Fly,16,17,Top 6.7% (1.5 ≤ z < 2.0),24,1.7274100855257888,1.7399785609946554,1.5128588160513603,1.990165155033759,-0.1799999999999926,-0.6404166666666669,3.5499230967804856,50.0,50.0,-1.5875000000000057,1.7849999999999897,16→17,F 200 Fly
F,200 Fly,17,18,Above Average (0.5 ≤ z < 1.0),42,0.7448717452944787,0.7133670139754177,0.510565200811008,0.997622014394387,-0.4600000000000079,-1.6788095238095235,4.226224366061299,47.61904761904761,52.38095238095239,-3.917499999999997,1.5199999999999958,17→18,F 200 Fly
F,200 Fly,17,18,Average (0 ≤ z < 0.5),37,0.2504361582275042,0.2844910484310124,0.0035606678999812,0.4972667212592413,-0.0699999999999931,-0.5927027027027029,3.2450100142673537,48.64864864864865,51.35135135135135,-2.0999999999999943,1.6599999999999966,17→18,F 200 Fly
F,200 Fly,17,18,Below Average (-0.5 ≤ z < 0),40,-0.2700971066261728,-0.2723827827991309,-0.4967946252351597,-0.0629317298588426,-0.5349999999999966,-1.4695,5.099350914577266,45.0,55.00000000000001,-3.1850000000000094,2.069999999999993,17→18,F 200 Fly
F,200 Fly,17,18,Bottom 15.9% (z < -1.0),35,-1.2681064392375054,-1.2780802989013271,-1.5590106794323584,-1.0054614680901557,-0.0900000000000034,0.0108571428571459,5.270961620820557,48.57142857142857,51.42857142857142,-4.359999999999999,3.855000000000018,17→18,F 200 Fly
F,200 Fly,17,18,Lower (-1.0 ≤ z < -0.5),39,-0.745160780197121,-0.7677511461023624,-0.9788645089866268,-0.5084307948429526,-1.6400000000000148,-1.9376923076923112,5.03708221480043,35.8974358974359,64.1025641025641,-5.030000000000001,1.4650000000000034,17→18,F 200 Fly
F,200 Fly,17,18,Top 15.9% (1.0 ≤ z < 1.5),28,1.261513717999714,1.2694096902335743,1.0242189734979157,1.4880034478657045,-1.4299999999999926,-1.4649999999999963,3.700994557451513,35.714285714285715,64.28571428571429,-3.694999999999985,1.292500000000018,17→18,F 200 Fly
F,200 Fly,17,18,Top 6.7% (1.5 ≤ z < 2.0),17,1.6575590621507033,1.625975173215264,1.507951167193352,1.930177892961876,-0.6200000000000045,-0.9382352941176464,2.3997505637390883,41.17647058823529,52.94117647058824,-1.960000000000008,0.7600000000000193,17→18,F 200 Fly
F,200 Free,17,18,Above Average (0.5 ≤ z < 1.0),34,0.7630580011171272,0.7896272625438192,0.5027724646142402,0.9909010710358416,-1.3400000000000034,-1.6308823529411762,2.5978807739330407,23.52941176470588,76.47058823529412,-3.4800000000000004,-0.0149999999999934,17→18,F 200 Free
F,200 Free,17,18,Average (0 ≤ z < 0.5),46,0.2515419593893477,0.2729716596430344,0.0019651930907814,0.4900937995123829,-0.0800000000000054,-0.3793478260869559,2.2673317033310454,50.0,50.0,-1.7075000000000031,0.8175000000000026,17→18,F 200 Free
F,200 Free,17,18,Below Average (-0.5 ≤ z < 0),73,-0.2642867740482714,-0.2484384426709457,-0.4925027458817487,-0.0075438057356137,-0.3700000000000045,-0.5369863013698642,2.1978468198780297,45.20547945205479,54.7945205479452,-2.1200000000000045,0.789999999999992,17→18,F 200 Free
F,200 Free,17,18,Bottom 15.9% (z < -1.0),30,-1.1533781643161851,-1.1422843323520588,-1.2880889810234435,-1.0059886825070692,-0.5150000000000006,-0.1320000000000002,2.245219217210947,30.0,70.0,-1.7549999999999883,1.3099999999999952,17→18,F 200 Free
F,200 Free,17,18,Lower (-1.0 ≤ z < -0.5),47,-0.7716356972466268,-0.7714333781226613,-0.993310017405203,-0.5020117447081439,-0.9499999999999886,-0.7312765957446801,2.0440339933689926,34.04255319148936,65.95744680851064,-2.309999999999988,0.5499999999999972,17→18,F 200 Free
F,200 Free,17,18,Top 15.9% (1.0 ≤ z < 1.5),28,1.243795158871151,1.2508137056239663,1.0035797361377037,1.498047675110229,-0.1850000000000022,-0.8767857142857122,2.369370099492127,42.85714285714285,57.14285714285714,-2.370000000000001,0.6550000000000011,17→18,F 200 Free
F,200 Free,17,18,Top 2.5% (z ≥ 2.0),12,3.0131481547824683,2.846740675320558,2.008363945460083,4.655035285473304,-0.4599999999999937,-0.4899999999999984,0.9741064281346952,41.66666666666667,58.333333333333336,-0.904999999999994,0.1349999999999979,17→18,F 200 Free
F,200 Free,17,18,Top 6.7% (1.5 ≤ z < 2.0),19,1.6985707731685913,1.6692096539853374,1.5075566739366242,1.8942559595433452,-1.0699999999999932,-1.4847368421052636,2.2885282984602107,36.84210526315789,63.1578947368421,-2.950000000000003,0.4949999999999974,17→18,F 200 Free
F,200 IM,16,17,Above Average (0.5 ≤ z < 1.0),59,0.717960692837395,0.7282172715354375,0.5002728588560973,0.9941524196613304,-0.0400000000000204,0.1328813559322044,2.8752762878871856,49.15254237288136,50.84745762711864,-1.625,1.5050000000000097,16→17,F 200 IM
F,200 IM,16,17,Top 15.9% (1.0 ≤ z < 1.5),28,1.262122785757578,1.2912942433326116,1.0022932915427356,1.4880319804665711,-0.0099999999999909,-0.5385714285714259,2.751420041523644,50.0,50.0,-1.8474999999999897,1.5649999999999906,16→17,F 200 IM
F,200 IM,16,17,Top 2.5% (z ≥ 2.0),19,2.6700294487210847,2.467650230195632,2.0063341569160125,5.406504979382826,-0.1200000000000045,0.3921052631578979,1.84051359807776,47.368421052631575,52.63157894736842,-0.7599999999999909,1.5000000000000142,16→17,F 200 IM
F,200 IM,16,17,Top 6.7% (1.5 ≤ z < 2.0),18,1.7410020363368928,1.7607511884936364,1.501600100268908,1.878793830774009,0.0150000000000005,-0.4383333333333294,2.3903376098134936,50.0,50.0,-1.8074999999999903,0.7875000000000085,16→17,F 200 IM
F,200 IM,17,18,Above Average (0.5 ≤ z < 1.0),39,0.6990189607732291,0.6880952845915829,0.5062560408361172,0.9634518537070076,-0.1500000000000056,-1.058717948717947,3.5083659572054104,43.58974358974359,56.41025641025641,-2.440000000000012,1.1450000000000102,17→18,F 200 IM
F,200 IM,17,18,Average (0 ≤ z < 0.5),39,0.2271028281697514,0.2127155473451401,0.0023015652852474,0.4828767094961274,-0.8899999999999864,-0.6305128205128199,2.5306844606902743,46.15384615384615,53.84615384615385,-2.0149999999999864,1.4150000000000065,17→18,F 200 IM
F,200 IM,17,18,Bottom 15.9% (z < -1.0),25,-1.11190541230898,-1.0939293042120135,-1.226412181805281,-1.0185959032276,-0.5900000000000034,0.3188,3.118914323927477,48.0,52.0,-2.0900000000000034,2.289999999999992,17→18,F 200 IM
F,200 IM,17,18,Lower (-1.0 ≤ z < -0.5),78,-0.7576932227183821,-0.753630148041061,-0.990021164923173,-0.5016529102656297,-0.0050000000000096,-0.277692307692308,2.849313422957983,50.0,50.0,-2.272500000000001,1.6300000000000097,17→18,F 200 IM
F,200 IM,17,18,Top 15.9% (1.0 ≤ z < 1.5),27,1.2720013006508106,1.2673831611268591,1.0024174059403237,1.4803948466689851,-0.9800000000000182,-1.4266666666666723,2.7092229308214733,37.03703703703704,62.96296296296296,-2.6950000000000074,0.1850000000000164,17→18,F 200 IM
F,200 IM,17,18,Top 2.5% (z ≥ 2.0),10,2.96835940128516,2.7246948146528327,2.0804643510620324,5.008076175525074,-0.5100000000000193,-0.944000000000004,2.393028207104964,50.0,50.0,-2.967499999999994,0.7850000000000001,17→18,F 200 IM
F,200 IM,17,18,Top 6.7% (1.5 ≤ z < 2.0),14,1.725135624743945,1.6778203113177736,1.566119061582273,1.9999355431131811,-0.7849999999999966,-1.1535714285714351,2.734756732829283,35.714285714285715,64.28571428571429,-3.092500000000016,0.2749999999999843,17→18,F 200 IM
F,400 Free,15,16,Top 15.9% (1.0 ≤ z < 1.5),31,1.2176293988969014,1.2221999988147907,1.0133188706084937,1.4895094146312458,0.0,0.0738709677419397,5.080389036042835,48.38709677419355,48.38709677419355,-3.2149999999999754,4.419999999999988,15→16,F 400 Free
F,400 Free,16,17,Above Average (0.5 ≤ z < 1.0),42,0.7438442970039179,0.7434121415617734,0.5228134097101976,0.98634998549958,-0.2599999999999909,-0.8966666666666632,4.291883628357723,47.61904761904761,52.38095238095239,-3.194999999999979,2.4174999999999898,16→17,F 400 Free
F,400 Free,17,18,Above Average (0.5 ≤ z < 1.0),20,0.7405793675527473,0.715474327582514,0.5464980970136164,0.9948023821963976,-1.5999999999999943,-2.1120000000000063,3.730790264809853,30.0,70.0,-4.55749999999999,0.4825000000000159,17→18,F 400 Free
F,400 Free,17,18,Average (0 ≤ z < 0.5),40,0.221270580586016,0.2285469039839816,0.0112917503954046,0.4664930245809993,-2.300000000000012,-2.890750000000005,4.867714241561436,30.0,70.0,-5.144999999999996,1.1524999999999894,17→18,F 400 Free
F,400 Free,17,18,Below Average (-0.5 ≤ z < 0),52,-0.2455149824362236,-0.2501041328111721,-0.4852914578070636,-0.0038816254107836,-2.094999999999999,-2.619038461538457,4.93230920314651,26.923076923076923,73.07692307692307,-5.105000000000018,0.644999999999996,17→18,F 400 Free
F,400 Free,17,18,Bottom 15.9% (z < -1.0),30,-1.2267177756093537,-1.2122340987034477,-1.386038221574309,-1.0191184066247143,-0.5349999999999966,-1.5533333333333303,6.359700901422605,40.0,60.0,-4.060000000000031,1.559999999999988,17→18,F 400 Free
F,400 Free,17,18,Lower (-1.0 ≤ z < -0.5),53,-0.7192425300571643,-0.7073745036976123,-0.9873922572117764,-0.511500016017749,-1.1399999999999864,-1.5015094339622563,6.501862547726892,41.50943396226416,58.490566037735846,-5.95999999999998,3.6000000000000227,17→18,F 400 Free
F,400 Free,17,18,Top 15.9% (1.0 ≤ z < 1.5),27,1.2162212735903768,1.2141266324858162,1.0058375646008946,1.4762122145926777,-1.589999999999975,-2.296666666666664,5.459701524876683,37.03703703703704,62.96296296296296,-4.84499999999997,1.5900000000000034,17→18,F 400 Free
F,400 Free,17,18,Top 6.7% (1.5 ≤ z < 2.0),20,1.75747142612735,1.7417462912009376,1.5410439112191063,1.999003981005823,-2.875,-3.5469999999999944,5.389541817260537,25.0,75.0,-5.210000000000022,-0.0174999999999698,17→18,F 400 Free
F,400 IM,15,16,Above Average (0.5 ≤ z < 1.0),42,0.734508228505601,0.68907472983515,0.5159947349001044,0.9768202214146638,-0.4350000000000023,-0.0461904761904693,5.557901690549594,50.0,50.0,-2.8500000000000085,3.892499999999984,15→16,F 400 IM
F,400 IM,16,17,Above Average (0.5 ≤ z < 1.0),40,0.7453443354337106,0.7666815258777399,0.5111686703104819,0.992322314823353,-2.085000000000008,-1.608250000000001,6.211135116667482,40.0,60.0,-4.65749999999997,2.5149999999999864,16→17,F 400 IM
F,400 IM,16,17,Top 6.7% (1.5 ≤ z < 2.0),20,1.791773497785043,1.8932851813225136,1.5161503402242873,1.982367951426339,-0.0149999999999863,-1.5345000000000084,4.787122804984218,50.0,50.0,-4.439999999999984,1.1850000000000165,16→17,F 400 IM
F,400 IM,17,18,Above Average (0.5 ≤ z < 1.0),32,0.7182860645886258,0.7046267242446453,0.5074465578569032,0.9736853749313746,-1.3500000000000227,-3.144062500000002,7.600762650622225,37.5,62.5,-5.960000000000008,1.8399999999999888,17→18,F 400 IM
F,400 IM,17,18,Average (0 ≤ z < 0.5),42,0.2308485294734362,0.209247981103021,0.0217811234043298,0.4899626022166098,-0.5300000000000011,-2.372142857142852,11.141105257583025,45.23809523809524,54.761904761904766,-6.482499999999988,3.2300000000000324,17→18,F 400 IM
F,400 IM,17,18,Below Average (-0.5 ≤ z < 0),40,-0.2513571169317986,-0.2812741076940763,-0.4794256049507281,-0.0005594865804902,-2.009999999999991,-2.7077499999999985,7.985854834487043,37.5,62.5,-7.8974999999999795,3.332500000000039,17→18,F 400 IM
F,400 IM,17,18,Lower (-1.0 ≤ z < -0.5),42,-0.6978131619762339,-0.6814624256829971,-0.98937431112593,-0.5095368618867879,-2.424999999999983,-3.0171428571428565,7.913282169484262,38.095238095238095,61.90476190476191,-6.64749999999998,2.5924999999999727,17→18,F 400 IM
F,400 IM,17,18,Top 15.9% (1.0 ≤ z < 1.5),19,1.292997617414612,1.3466764285909485,1.0135099405564825,1.4923760589267203,-0.6299999999999955,-2.3910526315789538,4.93896739126376,31.57894736842105,68.42105263157895,-6.380000000000024,0.7100000000000081,17→18,F 400 IM
F,400 IM,17,18,Top 2.5% (z ≥ 2.0),14,2.555289552614352,2.384543462016098,2.011066742922066,4.86095151228977,-1.9550000000000125,-3.115714285714278,9.59667480677233,35.714285714285715,64.28571428571429,-4.3300000000000125,1.4500000000000026,17→18,F 400 IM
F,50 Free,15,16,Top 6.7% (1.5 ≤ z < 2.0),17,1.7523930107023995,1.736008232312905,1.5445111348856893,1.9971406378954704,-0.0199999999999995,-0.0211764705882358,0.3587868833746024,47.05882352941176,52.94117647058824,-0.25,0.1999999999999993,15→16,F 50 Free
F,50 Free,16,17,Above Average (0.5 ≤ z < 1.0),60,0.7034582914953174,0.6658153075299694,0.5106457553064021,0.976154411977104,-0.0199999999999995,0.0085,0.3310882309395286,46.66666666666666,53.333333333333336,-0.1925000000000016,0.2074999999999995,16→17,F 50 Free
F,50 Free,16,17,Top 15.9% (1.0 ≤ z < 1.5),23,1.2287734414425275,1.2175292709915435,1.0106365346934516,1.4589041300059828,-0.0300000000000011,-0.0278260869565217,0.394857778708268,47.82608695652174,52.17391304347826,-0.2599999999999998,0.1099999999999994,16→17,F 50 Free
F,50 Free,16,17,Top 6.7% (1.5 ≤ z < 2.0),25,1.6913136371141702,1.6830379276622454,1.510627314080507,1.9761359707512087,-0.0500000000000007,-0.0711999999999996,0.3463330189283144,40.0,60.0,-0.1600000000000001,0.1000000000000014,16→17,F 50 Free
F,50 Free,17,18,Above Average (0.5 ≤ z < 1.0),44,0.7396890572853583,0.7182135529020005,0.5001545853171374,0.9907872623830746,-0.1050000000000004,-0.2077272727272722,0.4801697788584008,34.090909090909086,63.63636363636363,-0.4500000000000002,0.0850000000000017,17→18,F 50 Free
F,50 Free,17,18,Average (0 ≤ z < 0.5),47,0.2345402045887718,0.2457524564681379,0.0095219082512002,0.4638114240529946,-0.2100000000000008,-0.1738297872340425,0.4677221997446743,31.91489361702128,65.95744680851064,-0.4700000000000006,0.1000000000000014,17→18,F 50 Free
F,50 Free,17,18,Below Average (-0.5 ≤ z < 0),65,-0.2773095029565773,-0.2993949624940166,-0.4992823494468051,-0.0086496723808679,-0.1499999999999985,-0.0632307692307693,0.4350459133764645,43.07692307692308,55.38461538461539,-0.3599999999999994,0.3000000000000007,17→18,F 50 Free
F,50 Free,17,18,Bottom 15.9% (z < -1.0),40,-1.1461906199485636,-1.1534592522013944,-1.2806603166258974,-1.008086607144817,-0.0500000000000006,0.0017500000000001,0.3189740389122601,47.5,52.5,-0.1874999999999999,0.2575000000000003,17→18,F 50 Free
F,50 Free,17,18,Lower (-1.0 ≤ z < -0.5),63,-0.7551266672348661,-0.753684478295811,-0.9899150265127488,-0.5174539300788797,-0.0900000000000034,-0.0615873015873013,0.396525410419801,36.507936507936506,61.90476190476191,-0.375,0.1050000000000003,17→18,F 50 Free
F,50 Free,17,18,Top 15.9% (1.0 ≤ z < 1.5),27,1.258649821329913,1.2451893912320804,1.008958843015149,1.4995915200810863,-0.1900000000000012,-0.1003703703703701,0.3465970173781336,37.03703703703704,62.96296296296296,-0.2999999999999989,0.1950000000000002,17→18,F 50 Free
F,50 Free,17,18,Top 2.5% (z ≥ 2.0),15,2.850345680398424,2.6262295192695384,2.008395777779098,3.916411744146636,-0.0300000000000011,-0.0520000000000005,0.2867100742329547,46.66666666666666,53.333333333333336,-0.2400000000000002,0.1450000000000013,17→18,F 50 Free
F,800 Free,15,16,Top 15.9% (1.0 ≤ z < 1.5),29,1.2575811656270892,1.2259503615845206,1.01817789936755,1.483455594012999,-2.6200000000000045,-1.2851724137930949,10.018284532307584,41.37931034482759,58.620689655172406,-6.949999999999932,3.6100000000000136,15→16,F 800 Free
F,800 Free,16,17,Above Average (0.5 ≤ z < 1.0),44,0.7422171665444283,0.7218492676336749,0.5048748856633278,0.9903519079532068,-0.7350000000000136,-3.488409090909094,11.95454362901818,43.18181818181818,56.81818181818182,-8.577500000000015,4.030000000000058,16→17,F 800 Free
F,800 Free,16,17,Top 6.7% (1.5 ≤ z < 2.0),16,1.7475836603971575,1.7438263915591976,1.5455436327155134,1.9901011557281003,-0.9950000000000048,-1.4974999999999952,7.342030117753535,43.75,56.25,-7.704999999999984,2.737499999999983,16→17,F 800 Free
F,800 Free,17,18,Above Average (0.5 ≤ z < 1.0),34,0.6918524043170308,0.665825791100918,0.5001329013141458,0.9988241535434322,-5.70999999999998,-5.532941176470592,16.372408915685618,38.23529411764706,61.76470588235294,-13.63499999999996,5.685000000000031,17→18,F 800 Free
F,800 Free,17,18,Top 15.9% (1.0 ≤ z < 1.5),22,1.2149835572068646,1.2084599265096636,1.0048713393020725,1.4584102712001703,-0.9500000000000456,-5.434545454545472,12.01058273027004,45.45454545454545,54.54545454545454,-10.119999999999974,2.3824999999999648,17→18,F 800 Free
F,800 Free,17,18,Top 6.7% (1.5 ≤ z < 2.0),15,1.733113762929383,1.7172298216700213,1.51404438017967,1.9446040061949337,-3.2999999999999545,-7.675999999999991,11.306936985762354,26.666666666666668,73.33333333333333,-11.990000000000066,-0.1499999999999204,17→18,F 800 Free
M,100 Back,17,18,Above Average (0.5 ≤ z < 1.0),36,0.735373548079145,0.7500146366977289,0.5055260966331876,0.9627514183123272,-0.0499999999999971,0.0180555555555549,1.2059362878058333,47.22222222222222,52.77777777777778,-0.7899999999999991,0.9349999999999988,17→18,M 100 Back
M,100 Back,17,18,Average (0 ≤ z < 0.5),41,0.255539081324878,0.2515120290336661,0.0165490165041095,0.4864750415632227,-0.1600000000000037,-0.2634146341463421,1.348427466702075,46.34146341463415,53.65853658536586,-1.3200000000000005,0.6499999999999986,17→18,M 100 Back
M,100 Back,17,18,Top 2.5% (z ≥ 2.0),14,2.434218624192418,2.470959944684491,2.0042090954703693,3.280629785157968,-0.5,-0.6957142857142854,0.979203132914823,28.57142857142857,71.42857142857143,-0.9000000000000002,-0.0625,17→18,M 100 Back
M,100 Breast,17,18,Above Average (0.5 ≤ z < 1.0),35,0.7637160126599564,0.7836698470262677,0.5146625985322442,0.9750788507624036,-0.0400000000000062,-0.1805714285714292,1.344249005115905,48.57142857142857,51.42857142857142,-0.6300000000000026,0.8149999999999977,17→18,M 100 Breast
M,100 Breast,17,18,Below Average (-0.5 ≤ z < 0),54,-0.2319091562804109,-0.2432135919364989,-0.4941145833203531,-0.0181786821386146,-0.0500000000000042,-0.0522222222222226,1.6200499154023194,48.14814814814815,51.85185185185185,-0.9899999999999984,0.9049999999999976,17→18,M 100 Breast
M,100 Breast,17,18,Top 2.5% (z ≥ 2.0),14,2.5104155506149817,2.3201150932325323,2.0407614121041213,3.4064905198430204,-0.2949999999999981,0.038571428571428,1.0279998411815965,42.85714285714285,57.14285714285714,-0.7525000000000013,0.75,17→18,M 100 Breast
M,100 Breast,17,18,Top 6.7% (1.5 ≤ z < 2.0),13,1.709675567803782,1.7045023514865902,1.518266564067646,1.9942024652493844,-0.5399999999999991,-0.9253846153846148,1.6315477096898152,15.384615384615383,84.61538461538461,-1.2000000000000028,-0.1499999999999985,17→18,M 100 Breast
M,100 Fly,16,17,Top 2.5% (z ≥ 2.0),17,2.650007481270973,2.3893071084230995,2.018694731691621,5.508627945913013,-0.0899999999999963,0.1000000000000005,1.147437041717707,41.17647058823529,58.82352941176471,-0.3599999999999994,0.6400000000000006,16→17,M 100 Fly
M,100 Fly,17,18,Top 6.7% (1.5 ≤ z < 2.0),22,1.747803179003616,1.7522556475717204,1.511451305846751,1.9522456940890696,-0.0749999999999992,-0.0972727272727279,1.2879941481310528,45.45454545454545,54.54545454545454,-0.2874999999999996,0.622499999999997,17→18,M 100 Fly
M,100 Free,16,17,Top 2.5% (z ≥ 2.0),18,2.8695599755658856,2.4445980618008787,2.00257563324968,4.822213440639407,-0.0449999999999981,-0.0372222222222219,0.7915582771804235,50.0,50.0,-0.3899999999999988,0.625,16→17,M 100 Free
M,100 Free,17,18,Above Average (0.5 ≤ z < 1.0),35,0.7398115893610981,0.7169218975044732,0.5215220889723151,0.980711639022886,-0.1500000000000056,-0.1445714285714296,0.8611067392179266,42.85714285714285,57.14285714285714,-0.860000000000003,0.5899999999999999,17→18,M 100 Free
M,1500 Free,16,17,Top 6.7% (1.5 ≤ z < 2.0),23,1.707929208503203,1.648008318939452,1.509667244305266,1.9330589264087583,-1.4700000000000273,-2.5130434782608733,15.989571719740283,43.47826086956522,56.52173913043478,-14.579999999999984,9.199999999999989,16→17,M 1500 Free
M,1500 Free,17,18,Above Average (0.5 ≤ z < 1.0),34,0.766342315870808,0.766974610349253,0.5114363820607455,0.9633378976550798,-0.990000000000066,-3.555294117647069,21.106842385864592,47.05882352941176,52.94117647058824,-16.827500000000043,10.765000000000043,17→18,M 1500 Free
M,1500 Free,17,18,Average (0 ≤ z < 0.5),34,0.2349802879853426,0.2271971992506738,0.0143225520077341,0.4934844336727397,-10.34499999999997,-6.684705882352961,25.813138496338286,38.23529411764706,61.76470588235294,-28.815000000000055,15.999999999999943,17→18,M 1500 Free
M,200 Back,16,17,Above Average (0.5 ≤ z < 1.0),39,0.7594432888345746,0.7544642246918432,0.5040697095139164,0.9946385555767951,-0.2100000000000079,0.4292307692307694,3.0605859876453723,46.15384615384615,53.84615384615385,-1.845000000000013,2.644999999999989,16→17,M 200 Back
M,200 Back,17,18,Average (0 ≤ z < 0.5),46,0.2154070461237375,0.2176897643591263,0.0100661648585457,0.4802023614288231,-0.164999999999992,-0.1895652173913027,3.1372543773744868,45.65217391304348,54.34782608695652,-1.9124999999999872,1.3799999999999957,17→18,M 200 Back
M,200 Back,17,18,Below Average (-0.5 ≤ z < 0),50,-0.26122867182221,-0.2882436045388351,-0.495867204039419,-0.0066391822277061,-0.394999999999996,-0.6597999999999993,3.76899535154927,46.0,54.0,-2.487499999999997,1.615000000000009,17→18,M 200 Back
M,200 Back,17,18,Top 15.9% (1.0 ≤ z < 1.5),27,1.254216776425237,1.2916049341897096,1.010000511878577,1.484909664759215,-0.25,-0.8511111111111102,3.116978990094635,44.44444444444444,55.55555555555556,-2.884999999999998,0.9450000000000074,17→18,M 200 Back
M,200 Back,17,18,Top 6.7% (1.5 ≤ z < 2.0),21,1.6921923388090545,1.6925332642597957,1.515933880776542,1.93356755793288,-0.0600000000000022,-0.2714285714285729,2.5506531109731507,47.61904761904761,52.38095238095239,-1.5499999999999972,1.529999999999987,17→18,M 200 Back
M,200 Breast,16,17,Top 2.5% (z ≥ 2.0),20,2.54421242149218,2.439668673381464,2.004941713539811,3.380467280128496,-0.3299999999999983,-0.2710000000000036,2.97893588383503,45.0,55.00000000000001,-1.1725000000000136,1.454999999999984,16→17,M 200 Breast
M,200 Breast,17,18,Above Average (0.5 ≤ z < 1.0),49,0.7595419141017387,0.7682375536761303,0.5210424256223851,0.9926647094091424,-0.2400000000000091,-0.9679591836734712,4.045437328893812,48.97959183673469,51.02040816326531,-3.219999999999999,2.219999999999999,17→18,M 200 Breast
M,200 Breast,17,18,Below Average (-0.5 ≤ z < 0),56,-0.2254798913124911,-0.223795526013253,-0.4774957890157844,-0.0026209377546339,-0.0499999999999829,-0.9767857142857156,5.959239257280262,50.0,50.0,-4.864999999999995,3.992500000000007,17→18,M 200 Breast
M,200 Breast,17,18,Top 15.9% (1.0 ≤ z < 1.5),39,1.2236803992569405,1.2333547025141065,1.0007961280951183,1.493560100465419,-0.6399999999999864,-1.3343589743589706,4.002529837728463,43.58974358974359,56.41025641025641,-4.454999999999984,1.7999999999999972,17→18,M 200 Breast
M,200 Breast,17,18,Top 6.7% (1.5 ≤ z < 2.0),16,1.7067049127716325,1.6602541835279785,1.5830057060111853,1.970061235463764,-1.1500000000000057,-0.9581250000000026,3.22169252635552,31.25,68.75,-1.9225000000000136,0.4874999999999971,17→18,M 200 Breast
M,200 Fly,17,18,Average (0 ≤ z < 0.5),44,0.2645656773191601,0.2511094567782995,0.0053871686408735,0.4898111081117988,-0.375,-0.2368181818181834,2.854935736203398,43.18181818181818,54.54545454545454,-1.8825000000000005,1.1550000000000082,17→18,M 200 Fly
M,200 Fly,17,18,Below Average (-0.5 ≤ z < 0),49,-0.2853245063625303,-0.3152219120717699,-0.4837171953660051,-0.0156747417709067,-0.5699999999999932,-0.8204081632653047,4.445130772936246,42.85714285714285,57.14285714285714,-2.609999999999985,1.630000000000024,17→18,M 200 Fly
M,200 Fly,17,18,Top 15.9% (1.0 ≤ z < 1.5),35,1.262816651827935,1.2644213688116903,1.004657807066411,1.491421958805313,-0.1799999999999926,-0.2874285714285723,2.1787130445775182,42.85714285714285,54.285714285714285,-1.1300000000000026,0.9199999999999946,17→18,M 200 Fly
M,200 Free,17,18,Above Average (0.5 ≤ z < 1.0),37,0.7272363132557873,0.6809037110425947,0.53641776017731,0.977685664171286,-0.2300000000000039,-0.5202702702702706,1.7333119157336512,37.83783783783784,62.16216216216216,-1.6899999999999975,0.75,17→18,M 200 Free
M,200 Free,17,18,Below Average (-0.5 ≤ z < 0),55,-0.2733425688735731,-0.2875426623247087,-0.4906039986759156,-0.0102858376913248,-0.1899999999999977,-0.2805454545454541,1.4755121368920363,47.27272727272727,52.72727272727272,-1.1850000000000025,0.7349999999999994,17→18,M 200 Free
M,200 IM,17,18,Above Average (0.5 ≤ z < 1.0),44,0.750932556232986,0.7431247287506413,0.5156856059779251,0.9991925522919526,-0.3449999999999846,-0.7147727272727263,3.0457820973784,38.63636363636363,61.36363636363637,-2.102499999999999,1.0324999999999989,17→18,M 200 IM
M,200 IM,17,18,Below Average (-0.5 ≤ z < 0),48,-0.2717362054397503,-0.265241731654284,-0.499042787931131,-0.005992941360905,-0.1300000000000096,-0.3725000000000034,2.965742248296933,43.75,56.25,-2.562499999999993,1.847500000000004,17→18,M 200 IM
M,200 IM,17,18,Top 15.9% (1.0 ≤ z < 1.5),27,1.2329347017771026,1.2250411916886417,1.0405451200688185,1.4795185318539217,-0.2300000000000039,-0.9066666666666642,2.7137004938589597,37.03703703703704,62.96296296296296,-2.134999999999998,1.0600000000000094,17→18,M 200 IM
M,200 IM,17,18,Top 2.5% (z ≥ 2.0),15,2.50824317947207,2.319293754399348,2.071178347738199,4.491894046060431,-0.1099999999999994,-0.975333333333334,3.50782908490264,33.33333333333333,66.66666666666666,-2.2150000000000034,0.8900000000000006,17→18,M 200 IM
M,400 Free,16,17,Top 6.7% (1.5 ≤ z < 2.0),24,1.746541503238899,1.8055352699759128,1.5000013679430575,1.9898005614080976,-0.0650000000000119,-0.5166666666666693,4.061967571947807,50.0,50.0,-1.8050000000000068,1.38750000000001,16→17,M 400 Free
M,400 Free,17,18,Average (0 ≤ z < 0.5),45,0.2585128826000087,0.2641816029825002,0.0075707785251148,0.4964979115149266,-1.2700000000000102,-1.4115555555555557,6.37740036049366,42.22222222222222,57.77777777777777,-4.490000000000009,2.800000000000012,17→18,M 400 Free
M,400 Free,17,18,Below Average (-0.5 ≤ z < 0),59,-0.252926139051625,-0.2627057111400609,-0.481356354464697,-0.0060948866826754,-1.5,-1.3384745762711865,5.414356876393248,35.59322033898305,64.40677966101694,-4.045000000000016,1.0350000000000108,17→18,M 400 Free
M,400 Free,17,18,Top 2.5% (z ≥ 2.0),18,2.569798649027624,2.635174516534026,2.00275789886242,3.1521921835620703,-0.2749999999999914,0.5105555555555523,3.6527683143096703,44.44444444444444,55.55555555555556,-2.085000000000015,3.2250000000000085,17→18,M 400 Free
M,400 IM,15,16,Above Average (0.5 ≤ z < 1.0),7,0.7037241915674403,0.6023936737919429,0.5007173180718136,0.999415634222905,-0.7800000000000296,-2.2271428571428538,6.748468004529856,28.57142857142857,71.42857142857143,-5.7450000000000045,2.2600000000000198,15→16,M 400 IM
M,400 IM,17,18,Below Average (-0.5 ≤ z < 0),42,-0.2538560857564981,-0.2875840791062364,-0.4976694614117999,-0.0030684470695582,-0.2999999999999829,-0.8661904761904761,7.649085520312363,50.0,50.0,-3.817499999999996,4.465000000000003,17→18,M 400 IM
M,400 IM,17,18,Top 15.9% (1.0 ≤ z < 1.5),34,1.2162388650578424,1.2070233550104894,1.000539436401593,1.499942402339386,-0.1550000000000295,-1.3588235294117643,6.034615716945956,47.05882352941176,52.94117647058824,-3.0049999999999955,2.269999999999982,17→18,M 400 IM
M,400 IM,17,18,Top 2.5% (z ≥ 2.0),15,2.46873613674276,2.288662951909422,2.0401619568394067,3.231045952537232,-3.680000000000007,-4.275333333333335,5.957522825992553,33.33333333333333,66.66666666666666,-7.200000000000017,1.1200000000000043,17→18,M 400 IM
M,50 Free,17,18,Top 2.5% (z ≥ 2.0),14,2.5900929750136235,2.4923148156644186,2.0948939099225004,3.287156627148266,-0.0299999999999993,-0.0642857142857139,0.351704305301125,42.85714285714285,50.0,-0.2900000000000018,0.1974999999999988,17→18,M 50 Free
M,50 Free,17,18,Top 6.7% (1.5 ≤ z < 2.0),16,1.767849622905708,1.741630882596343,1.5208414905174978,1.984499213883076,0.0100000000000015,0.0106250000000003,0.5229420229576126,50.0,50.0,-0.2649999999999997,0.4425000000000008,17→18,M 50 Free
M,800 Free,16,17,Top 6.7% (1.5 ≤ z < 2.0),23,1.6936912362778092,1.674547444580498,1.505198518027345,1.9719126783246708,-4.470000000000027,-5.2152173913043445,11.729295864393576,39.130434782608695,60.86956521739131,-12.199999999999989,4.689999999999998,16→17,M 800 Free
M,800 Free,17,18,Above Average (0.5 ≤ z < 1.0),35,0.7535413105476162,0.7501775217710939,0.535119292658774,0.9887822723190716,-1.9800000000000184,-2.620571428571412,12.645016622676115,45.71428571428572,54.285714285714285,-11.5,6.425000000000068,17→18,M 800 Free
M,800 Free,17,18,Average (0 ≤ z < 0.5),35,0.2341872736249292,0.2363400984419064,0.0024446521810615,0.458200655968965,-5.990000000000009,-5.861142857142856,15.568588296663911,28.57142857142857,71.42857142857143,-17.220000000000027,3.035000000000025,17→18,M 800 Free
M,800 Free,17,18,Bottom 15.9% (z < -1.0),29,-1.21497365763238,-1.2031372453244982,-1.5223234247855997,-1.0042999532011825,-2.1399999999999864,-1.406206896551739,15.096617893397934,44.82758620689656,55.172413793103445,-9.33000000000004,6.879999999999996,17→18,M 800 Free
M,800 Free,17,18,Top 6.7% (1.5 ≤ z < 2.0),17,1.667137548032022,1.616689510603212,1.5005266715206471,1.9913408294460857,-2.019999999999982,-2.8447058823529487,11.55653220815832,47.05882352941176,52.94117647058824,-5.850000000000023,6.180000000000007,17→18,M 800 Free
