event,gender,age_from,age_to,period_from,period_to,sample_size,median_improvement,mean_improvement,std_improvement,min_improvement,max_improvement,q25_improvement,q75_improvement,iqr_lower,iqr_upper,analysis_date,status,delta_folder_path,csv_path,report_path
50 Free,F,15,16,9.1.21-8.31.22,9.1.22-8.31.23,335,0.3100000000000023,0.3232835820895522,0.4047353587543033,-0.7899999999999991,1.5600000000000025,0.0700000000000002,0.5749999999999993,0.0700000000000002,0.5749999999999993,2025-11-01 11:05:21,Complete,data\Delta Data\F 50 Free 15 to 16,data\Delta Data\F 50 Free 15 to 16\F 50 Free 15 to 16 Athlete_Improvement_Data.csv,data\Delta Data\F 50 Free 15 to 16\F 50 Free 15 to 16 Improvement Analysis Report.txt
50 Free,F,16,17,9.1.22-8.31.23,9.1.23-8.31.24,339,0.1499999999999985,0.1748377581120944,0.3838097568194196,-1.16,1.5599999999999987,-0.0699999999999985,0.3900000000000005,-0.0699999999999985,0.3900000000000005,2025-11-01 11:05:21,Complete,data\Delta Data\F 50 Free 16 to 17,data\Delta Data\F 50 Free 16 to 17\F 50 Free 16 to 17 Athlete_Improvement_Data.csv,data\Delta Data\F 50 Free 16 to 17\F 50 Free 16 to 17 Improvement Analysis Report.txt
50 Free,F,17,18,9.1.23-8.31.24,9.1.24-8.31.25,309,-0.1099999999999994,-0.0929126213592232,0.4166928612119936,-1.3200000000000005,1.1400000000000006,-0.370000000000001,0.1900000000000012,-0.370000000000001,0.1900000000000012,2025-11-01 11:05:21,Complete,data\Delta Data\F 50 Free 17 to 18,data\Delta Data\F 50 Free 17 to 18\F 50 Free 17 to 18 Athlete_Improvement_Data.csv,data\Delta Data\F 50 Free 17 to 18\F 50 Free 17 to 18 Improvement Analysis Report.txt
50 Free,M,15,16,9.1.21-8.31.22,9.1.22-8.31.23,301,0.5500000000000007,0.5525249169435215,0.450618921229284,-1.0800000000000018,1.91,0.2699999999999996,0.8099999999999987,0.2699999999999996,0.8099999999999987,2025-11-01 11:05:22,Complete,data\Delta Data\M 50 Free 15 to 16,data\Delta Data\M 50 Free 15 to 16\M 50 Free 15 to 16 Athlete_Improvement_Data.csv,data\Delta Data\M 50 Free 15 to 16\M 50 Free 15 to 16 Improvement Analysis Report.txt
50 Free,M,16,17,9.1.22-8.31.23,9.1.23-8.31.24,302,0.370000000000001,0.371092715231788,0.392482080427713,-0.879999999999999,1.6899999999999975,0.1525000000000016,0.5899999999999999,0.1525000000000016,0.5899999999999999,2025-11-01 11:05:22,Complete,data\Delta Data\M 50 Free 16 to 17,data\Delta Data\M 50 Free 16 to 17\M 50 Free 16 to 17 Athlete_Improvement_Data.csv,data\Delta Data\M 50 Free 16 to 17\M 50 Free 16 to 17 Improvement Analysis Report.txt
50 Free,M,17,18,9.1.23-8.31.24,9.1.24-8.31.25,286,0.1050000000000004,0.1177622377622379,0.4051977322374558,-1.34,1.9600000000000009,-0.120000000000001,0.3675000000000015,-0.120000000000001,0.3675000000000015,2025-11-01 11:05:22,Complete,data\Delta Data\M 50 Free 17 to 18,data\Delta Data\M 50 Free 17 to 18\M 50 Free 17 to 18 Athlete_Improvement_Data.csv,data\Delta Data\M 50 Free 17 to 18\M 50 Free 17 to 18 Improvement Analysis Report.txt
100 Free,F,15,16,9.1.21-8.31.22,9.1.22-8.31.23,341,0.759999999999998,0.7339882697947214,0.8950715103610751,-1.8800000000000023,3.6300000000000026,0.1499999999999985,1.2900000000000065,0.1499999999999985,1.2900000000000065,2025-11-01 11:05:22,Complete,data\Delta Data\F 100 Free 15 to 16,data\Delta Data\F 100 Free 15 to 16\F 100 Free 15 to 16 Athlete_Improvement_Data.csv,data\Delta Data\F 100 Free 15 to 16\F 100 Free 15 to 16 Improvement Analysis Report.txt
100 Free,F,16,17,9.1.22-8.31.23,9.1.23-8.31.24,359,0.3700000000000045,0.4127019498607243,0.7150590273249279,-1.7700000000000031,2.480000000000004,-0.0600000000000022,0.9150000000000028,-0.0600000000000022,0.9150000000000028,2025-11-01 11:05:22,Complete,data\Delta Data\F 100 Free 16 to 17,data\Delta Data\F 100 Free 16 to 17\F 100 Free 16 to 17 Athlete_Improvement_Data.csv,data\Delta Data\F 100 Free 16 to 17\F 100 Free 16 to 17 Improvement Analysis Report.txt
100 Free,F,17,18,9.1.23-8.31.24,9.1.24-8.31.25,312,-0.1499999999999985,-0.2152564102564105,0.9418159278468844,-2.940000000000005,2.020000000000003,-0.8575000000000017,0.4199999999999964,-0.8575000000000017,0.4199999999999964,2025-11-01 11:05:23,Complete,data\Delta Data\F 100 Free 17 to 18,data\Delta Data\F 100 Free 17 to 18\F 100 Free 17 to 18 Athlete_Improvement_Data.csv,data\Delta Data\F 100 Free 17 to 18\F 100 Free 17 to 18 Improvement Analysis Report.txt
100 Free,M,15,16,9.1.21-8.31.22,9.1.22-8.31.23,298,1.2100000000000009,1.2308724832214766,0.8543233382565449,-0.8100000000000023,3.740000000000002,0.7125000000000004,1.7675000000000036,0.7125000000000004,1.7675000000000036,2025-11-01 11:05:23,Complete,data\Delta Data\M 100 Free 15 to 16,data\Delta Data\M 100 Free 15 to 16\M 100 Free 15 to 16 Athlete_Improvement_Data.csv,data\Delta Data\M 100 Free 15 to 16\M 100 Free 15 to 16 Improvement Analysis Report.txt
100 Free,M,16,17,9.1.22-8.31.23,9.1.23-8.31.24,329,0.8400000000000034,0.834954407294833,0.7659398825602316,-1.75,3.270000000000003,0.3900000000000005,1.3000000000000045,0.3900000000000005,1.3000000000000045,2025-11-01 11:05:23,Complete,data\Delta Data\M 100 Free 16 to 17,data\Delta Data\M 100 Free 16 to 17\M 100 Free 16 to 17 Athlete_Improvement_Data.csv,data\Delta Data\M 100 Free 16 to 17\M 100 Free 16 to 17 Improvement Analysis Report.txt
100 Free,M,17,18,9.1.23-8.31.24,9.1.24-8.31.25,292,0.1950000000000002,0.195171232876712,0.822881862554035,-3.140000000000001,2.640000000000001,-0.3399999999999981,0.7249999999999996,-0.3399999999999981,0.7249999999999996,2025-11-01 11:05:23,Complete,data\Delta Data\M 100 Free 17 to 18,data\Delta Data\M 100 Free 17 to 18\M 100 Free 17 to 18 Athlete_Improvement_Data.csv,data\Delta Data\M 100 Free 17 to 18\M 100 Free 17 to 18 Improvement Analysis Report.txt
200 Free,F,15,16,9.1.21-8.31.22,9.1.22-8.31.23,348,1.5899999999999892,1.710919540229884,2.126302241782969,-8.299999999999997,9.060000000000002,0.4050000000000011,2.894999999999989,0.4050000000000011,2.894999999999989,2025-11-01 11:05:23,Complete,data\Delta Data\F 200 Free 15 to 16,data\Delta Data\F 200 Free 15 to 16\F 200 Free 15 to 16 Athlete_Improvement_Data.csv,data\Delta Data\F 200 Free 15 to 16\F 200 Free 15 to 16 Improvement Analysis Report.txt
200 Free,F,16,17,9.1.22-8.31.23,9.1.23-8.31.24,350,0.7349999999999923,0.7695999999999991,1.7846891237891906,-3.8299999999999983,7.429999999999993,-0.3499999999999943,1.914999999999992,-0.3499999999999943,1.914999999999992,2025-11-01 11:05:24,Complete,data\Delta Data\F 200 Free 16 to 17,data\Delta Data\F 200 Free 16 to 17\F 200 Free 16 to 17 Athlete_Improvement_Data.csv,data\Delta Data\F 200 Free 16 to 17\F 200 Free 16 to 17 Improvement Analysis Report.txt
200 Free,F,17,18,9.1.23-8.31.24,9.1.24-8.31.25,289,-0.4600000000000079,-0.723425605536332,2.272948566431264,-9.26000000000002,5.300000000000011,-2.1899999999999977,0.7299999999999898,-2.1899999999999977,0.7299999999999898,2025-11-01 11:05:24,Complete,data\Delta Data\F 200 Free 17 to 18,data\Delta Data\F 200 Free 17 to 18\F 200 Free 17 to 18 Athlete_Improvement_Data.csv,data\Delta Data\F 200 Free 17 to 18\F 200 Free 17 to 18 Improvement Analysis Report.txt
200 Free,M,15,16,9.1.21-8.31.22,9.1.22-8.31.23,332,2.5799999999999983,2.568012048192771,1.94447633483216,-4.199999999999989,8.829999999999998,1.3275000000000006,3.654999999999994,1.3275000000000006,3.654999999999994,2025-11-01 11:05:24,Complete,data\Delta Data\M 200 Free 15 to 16,data\Delta Data\M 200 Free 15 to 16\M 200 Free 15 to 16 Athlete_Improvement_Data.csv,data\Delta Data\M 200 Free 15 to 16\M 200 Free 15 to 16 Improvement Analysis Report.txt
200 Free,M,16,17,9.1.22-8.31.23,9.1.23-8.31.24,325,1.4699999999999989,1.5471999999999997,1.7622064421103976,-3.030000000000001,8.0,0.4699999999999988,2.549999999999997,0.4699999999999988,2.549999999999997,2025-11-01 11:05:24,Complete,data\Delta Data\M 200 Free 16 to 17,data\Delta Data\M 200 Free 16 to 17\M 200 Free 16 to 17 Athlete_Improvement_Data.csv,data\Delta Data\M 200 Free 16 to 17\M 200 Free 16 to 17 Improvement Analysis Report.txt
200 Free,M,17,18,9.1.23-8.31.24,9.1.24-8.31.25,302,0.2299999999999897,0.1512251655629142,1.761699253720325,-5.530000000000001,4.629999999999996,-0.9149999999999884,1.2824999999999953,-0.9149999999999884,1.2824999999999953,2025-11-01 11:05:25,Complete,data\Delta Data\M 200 Free 17 to 18,data\Delta Data\M 200 Free 17 to 18\M 200 Free 17 to 18 Athlete_Improvement_Data.csv,data\Delta Data\M 200 Free 17 to 18\M 200 Free 17 to 18 Improvement Analysis Report.txt
400 Free,F,15,16,9.1.21-8.31.22,9.1.22-8.31.23,348,2.4049999999999727,2.3845402298850584,4.996867589615687,-11.629999999999995,16.980000000000018,-0.3424999999999869,5.322500000000005,-0.3424999999999869,5.322500000000005,2025-11-01 11:05:25,Complete,data\Delta Data\F 400 Free 15 to 16,data\Delta Data\F 400 Free 15 to 16\F 400 Free 15 to 16 Athlete_Improvement_Data.csv,data\Delta Data\F 400 Free 15 to 16\F 400 Free 15 to 16 Improvement Analysis Report.txt
400 Free,F,16,17,9.1.22-8.31.23,9.1.23-8.31.24,345,1.2999999999999543,1.2077101449275356,4.223532174842055,-11.769999999999982,16.620000000000005,-1.509999999999991,3.879999999999996,-1.509999999999991,3.879999999999996,2025-11-01 11:05:25,Complete,data\Delta Data\F 400 Free 16 to 17,data\Delta Data\F 400 Free 16 to 17\F 400 Free 16 to 17 Athlete_Improvement_Data.csv,data\Delta Data\F 400 Free 16 to 17\F 400 Free 16 to 17 Improvement Analysis Report.txt
400 Free,F,17,18,9.1.23-8.31.24,9.1.24-8.31.25,259,-1.829999999999984,-2.225405405405404,5.501077898037771,-20.71999999999997,15.090000000000032,-5.39500000000001,1.5300000000000011,-5.39500000000001,1.5300000000000011,2025-11-01 11:05:25,Complete,data\Delta Data\F 400 Free 17 to 18,data\Delta Data\F 400 Free 17 to 18\F 400 Free 17 to 18 Athlete_Improvement_Data.csv,data\Delta Data\F 400 Free 17 to 18\F 400 Free 17 to 18 Improvement Analysis Report.txt
400 Free,M,15,16,9.1.21-8.31.22,9.1.22-8.31.23,329,4.819999999999993,4.868784194528876,5.111868695626948,-11.390000000000017,21.55000000000001,1.960000000000008,7.700000000000017,1.960000000000008,7.700000000000017,2025-11-01 11:05:25,Complete,data\Delta Data\M 400 Free 15 to 16,data\Delta Data\M 400 Free 15 to 16\M 400 Free 15 to 16 Athlete_Improvement_Data.csv,data\Delta Data\M 400 Free 15 to 16\M 400 Free 15 to 16 Improvement Analysis Report.txt
400 Free,M,16,17,9.1.22-8.31.23,9.1.23-8.31.24,341,2.569999999999993,2.6368914956011724,4.47131670038565,-12.52000000000001,17.579999999999984,-0.2199999999999988,5.5,-0.2199999999999988,5.5,2025-11-01 11:05:26,Complete,data\Delta Data\M 400 Free 16 to 17,data\Delta Data\M 400 Free 16 to 17\M 400 Free 16 to 17 Athlete_Improvement_Data.csv,data\Delta Data\M 400 Free 16 to 17\M 400 Free 16 to 17 Improvement Analysis Report.txt
400 Free,M,17,18,9.1.23-8.31.24,9.1.24-8.31.25,291,0.2999999999999829,-0.4172508591065298,5.605471860512202,-23.51000000000002,15.97999999999999,-3.620000000000005,3.2049999999999983,-3.620000000000005,3.2049999999999983,2025-11-01 11:05:26,Complete,data\Delta Data\M 400 Free 17 to 18,data\Delta Data\M 400 Free 17 to 18\M 400 Free 17 to 18 Athlete_Improvement_Data.csv,data\Delta Data\M 400 Free 17 to 18\M 400 Free 17 to 18 Improvement Analysis Report.txt
800 Free,F,15,16,9.1.21-8.31.22,9.1.22-8.31.23,298,4.595000000000027,4.228355704697987,13.195712072296466,-38.32000000000005,38.13,-4.392499999999984,11.907499999999942,-4.392499999999984,11.907499999999942,2025-11-01 11:05:26,Complete,data\Delta Data\F 800 Free 15 to 16,data\Delta Data\F 800 Free 15 to 16\F 800 Free 15 to 16 Athlete_Improvement_Data.csv,data\Delta Data\F 800 Free 15 to 16\F 800 Free 15 to 16 Improvement Analysis Report.txt
800 Free,F,16,17,9.1.22-8.31.23,9.1.23-8.31.24,282,0.954999999999984,0.9315957446808534,12.277306890148,-47.22000000000003,52.75,-5.450000000000017,8.562500000000028,-5.450000000000017,8.562500000000028,2025-11-01 11:05:26,Complete,data\Delta Data\F 800 Free 16 to 17,data\Delta Data\F 800 Free 16 to 17\F 800 Free 16 to 17 Athlete_Improvement_Data.csv,data\Delta Data\F 800 Free 16 to 17\F 800 Free 16 to 17 Improvement Analysis Report.txt
800 Free,F,17,18,9.1.23-8.31.24,9.1.24-8.31.25,184,0.1150000000000091,-2.757663043478262,16.087645694605406,-111.04999999999995,37.6400000000001,-10.502500000000026,6.372499999999988,-10.502500000000026,6.372499999999988,2025-11-01 11:05:26,Complete,data\Delta Data\F 800 Free 17 to 18,data\Delta Data\F 800 Free 17 to 18\F 800 Free 17 to 18 Athlete_Improvement_Data.csv,data\Delta Data\F 800 Free 17 to 18\F 800 Free 17 to 18 Improvement Analysis Report.txt
800 Free,M,15,16,9.1.21-8.31.22,9.1.22-8.31.23,305,9.950000000000044,10.153311475409836,12.257233816706336,-35.379999999999995,47.860000000000014,3.4600000000000364,16.360000000000014,3.4600000000000364,16.360000000000014,2025-11-01 11:05:27,Complete,data\Delta Data\M 800 Free 15 to 16,data\Delta Data\M 800 Free 15 to 16\M 800 Free 15 to 16 Athlete_Improvement_Data.csv,data\Delta Data\M 800 Free 15 to 16\M 800 Free 15 to 16 Improvement Analysis Report.txt
800 Free,M,16,17,9.1.22-8.31.23,9.1.23-8.31.24,327,3.699999999999932,3.993088685015293,11.578046501738374,-33.27000000000004,39.60999999999996,-3.5300000000000296,10.865000000000007,-3.5300000000000296,10.865000000000007,2025-11-01 11:05:27,Complete,data\Delta Data\M 800 Free 16 to 17,data\Delta Data\M 800 Free 16 to 17\M 800 Free 16 to 17 Athlete_Improvement_Data.csv,data\Delta Data\M 800 Free 16 to 17\M 800 Free 16 to 17 Improvement Analysis Report.txt
800 Free,M,17,18,9.1.23-8.31.24,9.1.24-8.31.25,238,-0.1750000000000113,-1.760588235294117,13.100745523344262,-56.360000000000014,32.40999999999997,-9.27000000000004,6.297499999999999,-9.27000000000004,6.297499999999999,2025-11-01 11:05:27,Complete,data\Delta Data\M 800 Free 17 to 18,data\Delta Data\M 800 Free 17 to 18\M 800 Free 17 to 18 Athlete_Improvement_Data.csv,data\Delta Data\M 800 Free 17 to 18\M 800 Free 17 to 18 Improvement Analysis Report.txt
1500 Free,F,15,16,9.1.21-8.31.22,9.1.22-8.31.23,281,8.730000000000018,8.65391459074733,28.066312483469424,-79.20000000000005,76.52999999999997,-9.029999999999973,26.3599999999999,-9.029999999999973,26.3599999999999,2025-11-01 11:05:27,Complete,data\Delta Data\F 1500 Free 15 to 16,data\Delta Data\F 1500 Free 15 to 16\F 1500 Free 15 to 16 Athlete_Improvement_Data.csv,data\Delta Data\F 1500 Free 15 to 16\F 1500 Free 15 to 16 Improvement Analysis Report.txt
1500 Free,F,16,17,9.1.22-8.31.23,9.1.23-8.31.24,255,4.350000000000136,3.0862352941176447,29.22412142196601,-127.68000000000006,88.80999999999995,-8.224999999999966,20.075000000000045,-8.224999999999966,20.075000000000045,2025-11-01 11:05:27,Complete,data\Delta Data\F 1500 Free 16 to 17,data\Delta Data\F 1500 Free 16 to 17\F 1500 Free 16 to 17 Athlete_Improvement_Data.csv,data\Delta Data\F 1500 Free 16 to 17\F 1500 Free 16 to 17 Improvement Analysis Report.txt
1500 Free,F,17,18,9.1.23-8.31.24,9.1.24-8.31.25,139,2.5699999999999363,-0.4415107913669016,31.40961688670062,-91.70000000000005,109.24,-17.44500000000005,16.395000000000095,-17.44500000000005,16.395000000000095,2025-11-01 11:05:28,Complete,data\Delta Data\F 1500 Free 17 to 18,data\Delta Data\F 1500 Free 17 to 18\F 1500 Free 17 to 18 Athlete_Improvement_Data.csv,data\Delta Data\F 1500 Free 17 to 18\F 1500 Free 17 to 18 Improvement Analysis Report.txt
1500 Free,M,15,16,9.1.21-8.31.22,9.1.22-8.31.23,282,17.760000000000048,19.466843971631203,26.01607966301597,-51.09000000000003,112.10000000000014,2.9499999999999886,34.697499999999906,2.9499999999999886,34.697499999999906,2025-11-01 11:05:28,Complete,data\Delta Data\M 1500 Free 15 to 16,data\Delta Data\M 1500 Free 15 to 16\M 1500 Free 15 to 16 Athlete_Improvement_Data.csv,data\Delta Data\M 1500 Free 15 to 16\M 1500 Free 15 to 16 Improvement Analysis Report.txt
1500 Free,M,16,17,9.1.22-8.31.23,9.1.23-8.31.24,295,7.939999999999941,7.098881355932201,22.493264915197297,-66.12,64.21000000000004,-7.475000000000023,21.17500000000001,-7.475000000000023,21.17500000000001,2025-11-01 11:05:28,Complete,data\Delta Data\M 1500 Free 16 to 17,data\Delta Data\M 1500 Free 16 to 17\M 1500 Free 16 to 17 Athlete_Improvement_Data.csv,data\Delta Data\M 1500 Free 16 to 17\M 1500 Free 16 to 17 Improvement Analysis Report.txt
1500 Free,M,17,18,9.1.23-8.31.24,9.1.24-8.31.25,184,1.69500000000005,-4.199402173913046,28.98167132882728,-118.87000000000012,70.59999999999991,-17.752500000000026,13.384999999999934,-17.752500000000026,13.384999999999934,2025-11-01 11:05:28,Complete,data\Delta Data\M 1500 Free 17 to 18,data\Delta Data\M 1500 Free 17 to 18\M 1500 Free 17 to 18 Athlete_Improvement_Data.csv,data\Delta Data\M 1500 Free 17 to 18\M 1500 Free 17 to 18 Improvement Analysis Report.txt
100 Back,F,15,16,9.1.21-8.31.22,9.1.22-8.31.23,343,0.9200000000000016,0.9534110787172012,1.268119873942427,-2.6500000000000057,6.209999999999994,0.1500000000000056,1.6450000000000031,0.1500000000000056,1.6450000000000031,2025-11-01 11:05:28,Complete,data\Delta Data\F 100 Back 15 to 16,data\Delta Data\F 100 Back 15 to 16\F 100 Back 15 to 16 Athlete_Improvement_Data.csv,data\Delta Data\F 100 Back 15 to 16\F 100 Back 15 to 16 Improvement Analysis Report.txt
100 Back,F,16,17,9.1.22-8.31.23,9.1.23-8.31.24,363,0.3900000000000005,0.4344352617079889,1.17411118628726,-3.049999999999997,4.6200000000000045,-0.2349999999999994,1.1199999999999903,-0.2349999999999994,1.1199999999999903,2025-11-01 11:05:29,Complete,data\Delta Data\F 100 Back 16 to 17,data\Delta Data\F 100 Back 16 to 17\F 100 Back 16 to 17 Athlete_Improvement_Data.csv,data\Delta Data\F 100 Back 16 to 17\F 100 Back 16 to 17 Improvement Analysis Report.txt
100 Back,F,17,18,9.1.23-8.31.24,9.1.24-8.31.25,284,-0.3050000000000068,-0.3921126760563381,1.366346692124204,-5.549999999999997,4.240000000000009,-1.1949999999999967,0.4899999999999949,-1.1949999999999967,0.4899999999999949,2025-11-01 11:05:29,Complete,data\Delta Data\F 100 Back 17 to 18,data\Delta Data\F 100 Back 17 to 18\F 100 Back 17 to 18 Athlete_Improvement_Data.csv,data\Delta Data\F 100 Back 17 to 18\F 100 Back 17 to 18 Improvement Analysis Report.txt
100 Back,M,15,16,9.1.21-8.31.22,9.1.22-8.31.23,336,1.5400000000000027,1.5522916666666664,1.3564303812640994,-2.710000000000001,5.43,0.7799999999999994,2.3625000000000043,0.7799999999999994,2.3625000000000043,2025-11-01 11:05:29,Complete,data\Delta Data\M 100 Back 15 to 16,data\Delta Data\M 100 Back 15 to 16\M 100 Back 15 to 16 Athlete_Improvement_Data.csv,data\Delta Data\M 100 Back 15 to 16\M 100 Back 15 to 16 Improvement Analysis Report.txt
100 Back,M,16,17,9.1.22-8.31.23,9.1.23-8.31.24,324,0.8649999999999984,0.946574074074074,1.1392447915748023,-2.049999999999997,4.990000000000002,0.2475000000000005,1.672499999999996,0.2475000000000005,1.672499999999996,2025-11-01 11:05:29,Complete,data\Delta Data\M 100 Back 16 to 17,data\Delta Data\M 100 Back 16 to 17\M 100 Back 16 to 17 Athlete_Improvement_Data.csv,data\Delta Data\M 100 Back 16 to 17\M 100 Back 16 to 17 Improvement Analysis Report.txt
100 Back,M,17,18,9.1.23-8.31.24,9.1.24-8.31.25,301,0.1199999999999974,0.0385714285714285,1.2876243103092178,-4.509999999999998,3.3799999999999955,-0.759999999999998,0.9100000000000036,-0.759999999999998,0.9100000000000036,2025-11-01 11:05:29,Complete,data\Delta Data\M 100 Back 17 to 18,data\Delta Data\M 100 Back 17 to 18\M 100 Back 17 to 18 Athlete_Improvement_Data.csv,data\Delta Data\M 100 Back 17 to 18\M 100 Back 17 to 18 Improvement Analysis Report.txt
200 Back,F,15,16,9.1.21-8.31.22,9.1.22-8.31.23,339,1.7099999999999795,1.7066371681415935,2.845876573241178,-6.849999999999994,11.169999999999987,-0.1099999999999994,3.500000000000014,-0.1099999999999994,3.500000000000014,2025-11-01 11:05:30,Complete,data\Delta Data\F 200 Back 15 to 16,data\Delta Data\F 200 Back 15 to 16\F 200 Back 15 to 16 Athlete_Improvement_Data.csv,data\Delta Data\F 200 Back 15 to 16\F 200 Back 15 to 16 Improvement Analysis Report.txt
200 Back,F,16,17,9.1.22-8.31.23,9.1.23-8.31.24,350,0.730000000000004,0.6473142857142851,2.828199263250923,-8.189999999999998,9.72999999999999,-1.095000000000013,2.3874999999999886,-1.095000000000013,2.3874999999999886,2025-11-01 11:05:30,Complete,data\Delta Data\F 200 Back 16 to 17,data\Delta Data\F 200 Back 16 to 17\F 200 Back 16 to 17 Athlete_Improvement_Data.csv,data\Delta Data\F 200 Back 16 to 17\F 200 Back 16 to 17 Improvement Analysis Report.txt
200 Back,F,17,18,9.1.23-8.31.24,9.1.24-8.31.25,273,-0.4900000000000091,-0.7955677655677651,3.82362711457876,-17.610000000000014,9.439999999999998,-2.640000000000015,1.6400000000000148,-2.640000000000015,1.6400000000000148,2025-11-01 11:05:30,Complete,data\Delta Data\F 200 Back 17 to 18,data\Delta Data\F 200 Back 17 to 18\F 200 Back 17 to 18 Athlete_Improvement_Data.csv,data\Delta Data\F 200 Back 17 to 18\F 200 Back 17 to 18 Improvement Analysis Report.txt
200 Back,M,15,16,9.1.21-8.31.22,9.1.22-8.31.23,339,3.039999999999992,3.139764011799409,2.9681826929759296,-6.060000000000002,12.37000000000002,1.3549999999999969,4.82,1.3549999999999969,4.82,2025-11-01 11:05:30,Complete,data\Delta Data\M 200 Back 15 to 16,data\Delta Data\M 200 Back 15 to 16\M 200 Back 15 to 16 Athlete_Improvement_Data.csv,data\Delta Data\M 200 Back 15 to 16\M 200 Back 15 to 16 Improvement Analysis Report.txt
200 Back,M,16,17,9.1.22-8.31.23,9.1.23-8.31.24,355,1.5,1.6970704225352111,2.795655962854925,-6.219999999999999,9.540000000000006,-0.2099999999999937,3.569999999999993,-0.2099999999999937,3.569999999999993,2025-11-01 11:05:30,Complete,data\Delta Data\M 200 Back 16 to 17,data\Delta Data\M 200 Back 16 to 17\M 200 Back 16 to 17 Athlete_Improvement_Data.csv,data\Delta Data\M 200 Back 16 to 17\M 200 Back 16 to 17 Improvement Analysis Report.txt
200 Back,M,17,18,9.1.23-8.31.24,9.1.24-8.31.25,283,0.1300000000000238,-0.3267844522968185,3.700878500354645,-15.61,7.620000000000003,-2.4099999999999966,2.0250000000000057,-2.4099999999999966,2.0250000000000057,2025-11-01 11:05:31,Complete,data\Delta Data\M 200 Back 17 to 18,data\Delta Data\M 200 Back 17 to 18\M 200 Back 17 to 18 Athlete_Improvement_Data.csv,data\Delta Data\M 200 Back 17 to 18\M 200 Back 17 to 18 Improvement Analysis Report.txt
100 Breast,F,15,16,9.1.21-8.31.22,9.1.22-8.31.23,360,1.1149999999999949,1.0483055555555552,1.637424185173579,-5.760000000000005,6.5,0.0900000000000034,2.0075000000000003,0.0900000000000034,2.0075000000000003,2025-11-01 11:05:31,Complete,data\Delta Data\F 100 Breast 15 to 16,data\Delta Data\F 100 Breast 15 to 16\F 100 Breast 15 to 16 Athlete_Improvement_Data.csv,data\Delta Data\F 100 Breast 15 to 16\F 100 Breast 15 to 16 Improvement Analysis Report.txt
100 Breast,F,16,17,9.1.22-8.31.23,9.1.23-8.31.24,346,0.394999999999996,0.608005780346821,1.701162407749137,-4.030000000000001,8.409999999999997,-0.5825000000000031,1.537500000000005,-0.5825000000000031,1.537500000000005,2025-11-01 11:05:31,Complete,data\Delta Data\F 100 Breast 16 to 17,data\Delta Data\F 100 Breast 16 to 17\F 100 Breast 16 to 17 Athlete_Improvement_Data.csv,data\Delta Data\F 100 Breast 16 to 17\F 100 Breast 16 to 17 Improvement Analysis Report.txt
100 Breast,F,17,18,9.1.23-8.31.24,9.1.24-8.31.25,279,-0.7099999999999937,-0.8745519713261655,2.0652248864296525,-8.379999999999995,4.709999999999994,-1.9699999999999989,0.4549999999999983,-1.9699999999999989,0.4549999999999983,2025-11-01 11:05:31,Complete,data\Delta Data\F 100 Breast 17 to 18,data\Delta Data\F 100 Breast 17 to 18\F 100 Breast 17 to 18 Athlete_Improvement_Data.csv,data\Delta Data\F 100 Breast 17 to 18\F 100 Breast 17 to 18 Improvement Analysis Report.txt
100 Breast,M,15,16,9.1.21-8.31.22,9.1.22-8.31.23,345,1.9599999999999935,1.9189275362318847,1.5413185614247569,-2.989999999999995,8.590000000000003,0.7999999999999972,2.9200000000000017,0.7999999999999972,2.9200000000000017,2025-11-01 11:05:31,Complete,data\Delta Data\M 100 Breast 15 to 16,data\Delta Data\M 100 Breast 15 to 16\M 100 Breast 15 to 16 Athlete_Improvement_Data.csv,data\Delta Data\M 100 Breast 15 to 16\M 100 Breast 15 to 16 Improvement Analysis Report.txt
100 Breast,M,16,17,9.1.22-8.31.23,9.1.23-8.31.24,336,1.1499999999999917,1.226130952380952,1.3982224793998603,-3.7900000000000063,5.379999999999996,0.4024999999999963,2.0825000000000067,0.4024999999999963,2.0825000000000067,2025-11-01 11:05:32,Complete,data\Delta Data\M 100 Breast 16 to 17,data\Delta Data\M 100 Breast 16 to 17\M 100 Breast 16 to 17 Athlete_Improvement_Data.csv,data\Delta Data\M 100 Breast 16 to 17\M 100 Breast 16 to 17 Improvement Analysis Report.txt
100 Breast,M,17,18,9.1.23-8.31.24,9.1.24-8.31.25,289,0.0900000000000034,0.0604152249134944,1.6171324851870037,-5.789999999999999,5.600000000000001,-0.7800000000000011,0.9600000000000009,-0.7800000000000011,0.9600000000000009,2025-11-01 11:05:32,Complete,data\Delta Data\M 100 Breast 17 to 18,data\Delta Data\M 100 Breast 17 to 18\M 100 Breast 17 to 18 Athlete_Improvement_Data.csv,data\Delta Data\M 100 Breast 17 to 18\M 100 Breast 17 to 18 Improvement Analysis Report.txt
200 Breast,F,15,16,9.1.21-8.31.22,9.1.22-8.31.23,61,0.5999999999999943,0.1201639344262292,4.73069484786509,-16.69999999999999,13.25,-2.799999999999983,3.1699999999999875,-2.799999999999983,3.1699999999999875,2025-11-01 11:05:32,Complete,data\Delta Data\F 200 Breast 15 to 16,data\Delta Data\F 200 Breast 15 to 16\F 200 Breast 15 to 16 Athlete_Improvement_Data.csv,data\Delta Data\F 200 Breast 15 to 16\F 200 Breast 15 to 16 Improvement Analysis Report.txt
200 Breast,F,16,17,9.1.22-8.31.23,9.1.23-8.31.24,58,3.2550000000000097,3.5977586206896537,3.3585131373064714,-3.969999999999999,9.97,1.0075000000000074,5.864999999999995,1.0075000000000074,5.864999999999995,2025-11-01 11:05:32,Complete,data\Delta Data\F 200 Breast 16 to 17,data\Delta Data\F 200 Breast 16 to 17\F 200 Breast 16 to 17 Athlete_Improvement_Data.csv,data\Delta Data\F 200 Breast 16 to 17\F 200 Breast 16 to 17 Improvement Analysis Report.txt
200 Breast,F,17,18,9.1.23-8.31.24,9.1.24-8.31.25,256,-0.8499999999999943,-1.4272265624999996,4.629685772805691,-24.099999999999994,10.950000000000015,-3.692499999999996,1.3424999999999798,-3.692499999999996,1.3424999999999798,2025-11-01 11:05:32,Complete,data\Delta Data\F 200 Breast 17 to 18,data\Delta Data\F 200 Breast 17 to 18\F 200 Breast 17 to 18 Athlete_Improvement_Data.csv,data\Delta Data\F 200 Breast 17 to 18\F 200 Breast 17 to 18 Improvement Analysis Report.txt
200 Breast,M,15,16,9.1.21-8.31.22,9.1.22-8.31.23,338,3.694999999999993,3.7557692307692303,4.177732833394081,-7.049999999999983,21.25999999999999,1.4749999999999943,5.877500000000012,1.4749999999999943,5.877500000000012,2025-11-01 11:05:32,Complete,data\Delta Data\M 200 Breast 15 to 16,data\Delta Data\M 200 Breast 15 to 16\M 200 Breast 15 to 16 Athlete_Improvement_Data.csv,data\Delta Data\M 200 Breast 15 to 16\M 200 Breast 15 to 16 Improvement Analysis Report.txt
200 Breast,M,16,17,9.1.22-8.31.23,9.1.23-8.31.24,349,2.25,2.594756446991404,4.081169527409463,-8.679999999999978,16.849999999999994,0.2700000000000102,4.919999999999988,0.2700000000000102,4.919999999999988,2025-11-01 11:05:33,Complete,data\Delta Data\M 200 Breast 16 to 17,data\Delta Data\M 200 Breast 16 to 17\M 200 Breast 16 to 17 Athlete_Improvement_Data.csv,data\Delta Data\M 200 Breast 16 to 17\M 200 Breast 16 to 17 Improvement Analysis Report.txt
200 Breast,M,17,18,9.1.23-8.31.24,9.1.24-8.31.25,292,-0.0749999999999886,-0.623150684931507,4.74589992525988,-14.920000000000016,12.02000000000001,-3.5700000000000074,2.390000000000008,-3.5700000000000074,2.390000000000008,2025-11-01 11:05:33,Complete,data\Delta Data\M 200 Breast 17 to 18,data\Delta Data\M 200 Breast 17 to 18\M 200 Breast 17 to 18 Athlete_Improvement_Data.csv,data\Delta Data\M 200 Breast 17 to 18\M 200 Breast 17 to 18 Improvement Analysis Report.txt
100 Fly,F,15,16,9.1.21-8.31.22,9.1.22-8.31.23,353,0.9099999999999966,0.9146175637393772,1.2766250804179504,-2.660000000000004,5.760000000000005,0.1099999999999994,1.6699999999999946,0.1099999999999994,1.6699999999999946,2025-11-01 11:05:33,Complete,data\Delta Data\F 100 Fly 15 to 16,data\Delta Data\F 100 Fly 15 to 16\F 100 Fly 15 to 16 Athlete_Improvement_Data.csv,data\Delta Data\F 100 Fly 15 to 16\F 100 Fly 15 to 16 Improvement Analysis Report.txt
100 Fly,F,16,17,9.1.22-8.31.23,9.1.23-8.31.24,349,0.5600000000000023,0.5912320916905444,1.0278658589866727,-2.710000000000001,3.6699999999999946,-0.1099999999999994,1.2100000000000009,-0.1099999999999994,1.2100000000000009,2025-11-01 11:05:33,Complete,data\Delta Data\F 100 Fly 16 to 17,data\Delta Data\F 100 Fly 16 to 17\F 100 Fly 16 to 17 Athlete_Improvement_Data.csv,data\Delta Data\F 100 Fly 16 to 17\F 100 Fly 16 to 17 Improvement Analysis Report.txt
100 Fly,F,17,18,9.1.23-8.31.24,9.1.24-8.31.25,293,-0.3100000000000023,-0.344539249146758,1.3065976748618469,-4.710000000000001,3.190000000000005,-1.1499999999999986,0.4899999999999949,-1.1499999999999986,0.4899999999999949,2025-11-01 11:05:34,Complete,data\Delta Data\F 100 Fly 17 to 18,data\Delta Data\F 100 Fly 17 to 18\F 100 Fly 17 to 18 Athlete_Improvement_Data.csv,data\Delta Data\F 100 Fly 17 to 18\F 100 Fly 17 to 18 Improvement Analysis Report.txt
100 Fly,M,15,16,9.1.21-8.31.22,9.1.22-8.31.23,330,1.4750000000000014,1.5370303030303027,1.0532487830905508,-1.6000000000000014,4.969999999999999,0.7899999999999991,2.2475000000000005,0.7899999999999991,2.2475000000000005,2025-11-01 11:05:34,Complete,data\Delta Data\M 100 Fly 15 to 16,data\Delta Data\M 100 Fly 15 to 16\M 100 Fly 15 to 16 Athlete_Improvement_Data.csv,data\Delta Data\M 100 Fly 15 to 16\M 100 Fly 15 to 16 Improvement Analysis Report.txt
100 Fly,M,16,17,9.1.22-8.31.23,9.1.23-8.31.24,320,0.974999999999998,0.96240625,0.9272524049367232,-1.949999999999996,4.109999999999999,0.3900000000000005,1.5600000000000025,0.3900000000000005,1.5600000000000025,2025-11-01 11:05:34,Complete,data\Delta Data\M 100 Fly 16 to 17,data\Delta Data\M 100 Fly 16 to 17\M 100 Fly 16 to 17 Athlete_Improvement_Data.csv,data\Delta Data\M 100 Fly 16 to 17\M 100 Fly 16 to 17 Improvement Analysis Report.txt
100 Fly,M,17,18,9.1.23-8.31.24,9.1.24-8.31.25,287,0.2900000000000062,0.2119512195121951,1.005974673098996,-4.3700000000000045,3.800000000000004,-0.3599999999999994,0.8200000000000003,-0.3599999999999994,0.8200000000000003,2025-11-01 11:05:34,Complete,data\Delta Data\M 100 Fly 17 to 18,data\Delta Data\M 100 Fly 17 to 18\M 100 Fly 17 to 18 Athlete_Improvement_Data.csv,data\Delta Data\M 100 Fly 17 to 18\M 100 Fly 17 to 18 Improvement Analysis Report.txt
200 Fly,F,15,16,9.1.21-8.31.22,9.1.22-8.31.23,353,2.0200000000000102,1.885779036827195,3.712545155538423,-14.509999999999993,15.180000000000009,-0.1700000000000159,4.009999999999991,-0.1700000000000159,4.009999999999991,2025-11-01 11:05:34,Complete,data\Delta Data\F 200 Fly 15 to 16,data\Delta Data\F 200 Fly 15 to 16\F 200 Fly 15 to 16 Athlete_Improvement_Data.csv,data\Delta Data\F 200 Fly 15 to 16\F 200 Fly 15 to 16 Improvement Analysis Report.txt
200 Fly,F,16,17,9.1.22-8.31.23,9.1.23-8.31.24,332,0.6749999999999972,0.6995783132530127,3.886575032703072,-13.75,13.220000000000027,-1.3649999999999949,2.912499999999987,-1.3649999999999949,2.912499999999987,2025-11-01 11:05:35,Complete,data\Delta Data\F 200 Fly 16 to 17,data\Delta Data\F 200 Fly 16 to 17\F 200 Fly 16 to 17 Athlete_Improvement_Data.csv,data\Delta Data\F 200 Fly 16 to 17\F 200 Fly 16 to 17 Improvement Analysis Report.txt
200 Fly,F,17,18,9.1.23-8.31.24,9.1.24-8.31.25,244,-0.5999999999999943,-1.1582786885245897,4.416607386623653,-15.70999999999998,12.210000000000008,-3.8074999999999903,1.844999999999992,-3.8074999999999903,1.844999999999992,2025-11-01 11:05:35,Complete,data\Delta Data\F 200 Fly 17 to 18,data\Delta Data\F 200 Fly 17 to 18\F 200 Fly 17 to 18 Athlete_Improvement_Data.csv,data\Delta Data\F 200 Fly 17 to 18\F 200 Fly 17 to 18 Improvement Analysis Report.txt
200 Fly,M,15,16,9.1.21-8.31.22,9.1.22-8.31.23,337,3.629999999999996,3.714213649851632,3.491390690167228,-7.970000000000027,18.230000000000004,1.7099999999999795,5.640000000000015,1.7099999999999795,5.640000000000015,2025-11-01 11:05:35,Complete,data\Delta Data\M 200 Fly 15 to 16,data\Delta Data\M 200 Fly 15 to 16\M 200 Fly 15 to 16 Athlete_Improvement_Data.csv,data\Delta Data\M 200 Fly 15 to 16\M 200 Fly 15 to 16 Improvement Analysis Report.txt
200 Fly,M,16,17,9.1.22-8.31.23,9.1.23-8.31.24,344,2.0600000000000094,2.146308139534884,3.2892585982224416,-7.909999999999997,17.950000000000017,0.1950000000000145,3.85250000000001,0.1950000000000145,3.85250000000001,2025-11-01 11:05:35,Complete,data\Delta Data\M 200 Fly 16 to 17,data\Delta Data\M 200 Fly 16 to 17\M 200 Fly 16 to 17 Athlete_Improvement_Data.csv,data\Delta Data\M 200 Fly 16 to 17\M 200 Fly 16 to 17 Improvement Analysis Report.txt
200 Fly,M,17,18,9.1.23-8.31.24,9.1.24-8.31.25,275,0.3299999999999983,0.0097454545454545,3.662990274814885,-13.310000000000002,11.590000000000003,-1.5899999999999892,1.9949999999999903,-1.5899999999999892,1.9949999999999903,2025-11-01 11:05:35,Complete,data\Delta Data\M 200 Fly 17 to 18,data\Delta Data\M 200 Fly 17 to 18\M 200 Fly 17 to 18 Athlete_Improvement_Data.csv,data\Delta Data\M 200 Fly 17 to 18\M 200 Fly 17 to 18 Improvement Analysis Report.txt
200 IM,F,15,16,9.1.21-8.31.22,9.1.22-8.31.23,346,1.7249999999999943,1.733583815028901,2.68101005256127,-8.920000000000016,9.409999999999997,0.1825000000000045,3.395000000000003,0.1825000000000045,3.395000000000003,2025-11-01 11:05:36,Complete,data\Delta Data\F 200 IM 15 to 16,data\Delta Data\F 200 IM 15 to 16\F 200 IM 15 to 16 Athlete_Improvement_Data.csv,data\Delta Data\F 200 IM 15 to 16\F 200 IM 15 to 16 Improvement Analysis Report.txt
200 IM,F,16,17,9.1.22-8.31.23,9.1.23-8.31.24,340,0.7350000000000136,0.761617647058825,2.594476491620407,-6.030000000000001,9.390000000000017,-0.7925000000000111,2.272500000000008,-0.7925000000000111,2.272500000000008,2025-11-01 11:05:36,Complete,data\Delta Data\F 200 IM 16 to 17,data\Delta Data\F 200 IM 16 to 17\F 200 IM 16 to 17 Athlete_Improvement_Data.csv,data\Delta Data\F 200 IM 16 to 17\F 200 IM 16 to 17 Improvement Analysis Report.txt
200 IM,F,17,18,9.1.23-8.31.24,9.1.24-8.31.25,283,-0.25,-0.5733922261484105,3.044451213675201,-11.28,9.300000000000011,-2.670000000000016,1.4199999999999875,-2.670000000000016,1.4199999999999875,2025-11-01 11:05:36,Complete,data\Delta Data\F 200 IM 17 to 18,data\Delta Data\F 200 IM 17 to 18\F 200 IM 17 to 18 Athlete_Improvement_Data.csv,data\Delta Data\F 200 IM 17 to 18\F 200 IM 17 to 18 Improvement Analysis Report.txt
200 IM,M,15,16,9.1.21-8.31.22,9.1.22-8.31.23,333,2.8100000000000023,2.8623723723723726,2.589382934495966,-4.320000000000022,11.189999999999998,1.3100000000000025,4.560000000000002,1.3100000000000025,4.560000000000002,2025-11-01 11:05:36,Complete,data\Delta Data\M 200 IM 15 to 16,data\Delta Data\M 200 IM 15 to 16\M 200 IM 15 to 16 Athlete_Improvement_Data.csv,data\Delta Data\M 200 IM 15 to 16\M 200 IM 15 to 16 Improvement Analysis Report.txt
200 IM,M,16,17,9.1.22-8.31.23,9.1.23-8.31.24,316,1.82500000000001,1.902753164556962,2.3259520337106894,-6.8700000000000045,9.63000000000001,0.4575000000000031,3.219999999999988,0.4575000000000031,3.219999999999988,2025-11-01 11:05:36,Complete,data\Delta Data\M 200 IM 16 to 17,data\Delta Data\M 200 IM 16 to 17\M 200 IM 16 to 17 Athlete_Improvement_Data.csv,data\Delta Data\M 200 IM 16 to 17\M 200 IM 16 to 17 Improvement Analysis Report.txt
200 IM,M,17,18,9.1.23-8.31.24,9.1.24-8.31.25,287,-0.0100000000000193,-0.1721254355400703,2.832308008189695,-12.310000000000002,7.810000000000002,-2.0349999999999966,1.634999999999998,-2.0349999999999966,1.634999999999998,2025-11-01 11:05:37,Complete,data\Delta Data\M 200 IM 17 to 18,data\Delta Data\M 200 IM 17 to 18\M 200 IM 17 to 18 Athlete_Improvement_Data.csv,data\Delta Data\M 200 IM 17 to 18\M 200 IM 17 to 18 Improvement Analysis Report.txt
400 IM,F,15,16,9.1.21-8.31.22,9.1.22-8.31.23,341,2.480000000000018,2.6063343108504404,6.075523297372549,-22.819999999999997,22.94,-1.1800000000000068,5.970000000000027,-1.1800000000000068,5.970000000000027,2025-11-01 11:05:37,Complete,data\Delta Data\F 400 IM 15 to 16,data\Delta Data\F 400 IM 15 to 16\F 400 IM 15 to 16 Athlete_Improvement_Data.csv,data\Delta Data\F 400 IM 15 to 16\F 400 IM 15 to 16 Improvement Analysis Report.txt
400 IM,F,16,17,9.1.22-8.31.23,9.1.23-8.31.24,333,1.0300000000000296,1.0715915915915923,5.864749342829889,-13.730000000000018,21.870000000000005,-2.4499999999999886,4.6200000000000045,-2.4499999999999886,4.6200000000000045,2025-11-01 11:05:37,Complete,data\Delta Data\F 400 IM 16 to 17,data\Delta Data\F 400 IM 16 to 17\F 400 IM 16 to 17 Athlete_Improvement_Data.csv,data\Delta Data\F 400 IM 16 to 17\F 400 IM 16 to 17 Improvement Analysis Report.txt
400 IM,F,17,18,9.1.23-8.31.24,9.1.24-8.31.25,234,-0.4449999999999932,-2.169914529914529,8.432154776848504,-59.03999999999997,13.779999999999973,-6.042500000000018,3.132499999999979,-6.042500000000018,3.132499999999979,2025-11-01 11:05:37,Complete,data\Delta Data\F 400 IM 17 to 18,data\Delta Data\F 400 IM 17 to 18\F 400 IM 17 to 18 Athlete_Improvement_Data.csv,data\Delta Data\F 400 IM 17 to 18\F 400 IM 17 to 18 Improvement Analysis Report.txt
400 IM,M,15,16,9.1.21-8.31.22,9.1.22-8.31.23,49,1.829999999999984,1.132244897959184,6.649178640485322,-14.45999999999998,15.870000000000005,-2.680000000000007,5.769999999999982,-2.680000000000007,5.769999999999982,2025-11-01 11:05:37,Complete,data\Delta Data\M 400 IM 15 to 16,data\Delta Data\M 400 IM 15 to 16\M 400 IM 15 to 16 Athlete_Improvement_Data.csv,data\Delta Data\M 400 IM 15 to 16\M 400 IM 15 to 16 Improvement Analysis Report.txt
400 IM,M,16,17,9.1.22-8.31.23,9.1.23-8.31.24,55,8.569999999999993,9.267454545454546,5.340515200949275,-3.580000000000041,25.639999999999983,6.085000000000008,12.710000000000008,6.085000000000008,12.710000000000008,2025-11-01 11:05:37,Complete,data\Delta Data\M 400 IM 16 to 17,data\Delta Data\M 400 IM 16 to 17\M 400 IM 16 to 17 Athlete_Improvement_Data.csv,data\Delta Data\M 400 IM 16 to 17\M 400 IM 16 to 17 Improvement Analysis Report.txt
400 IM,M,17,18,9.1.23-8.31.24,9.1.24-8.31.25,263,0.4499999999999886,-0.5474144486692009,7.595864204337897,-34.02000000000004,25.909999999999968,-4.22999999999999,3.7350000000000136,-4.22999999999999,3.7350000000000136,2025-11-01 11:05:38,Complete,data\Delta Data\M 400 IM 17 to 18,data\Delta Data\M 400 IM 17 to 18\M 400 IM 17 to 18 Athlete_Improvement_Data.csv,data\Delta Data\M 400 IM 17 to 18\M 400 IM 17 to 18 Improvement Analysis Report.txt
